datetime,airt
2005-01-01T00:15,5.1
2005-01-01T00:30,5
2005-01-01T00:45,4.9
2005-01-01T01:00,4.7
2005-01-01T01:15,4.5
2005-01-01T01:30,4.6
2005-01-01T01:45,4.6
2005-01-01T02:00,4.7
2005-01-01T02:15,4.6
2005-01-01T02:30,4.6
2005-01-01T02:45,4.6
2005-01-01T03:00,4.4
2005-01-01T03:15,4.4
2005-01-01T03:30,4.4
2005-01-01T03:45,4.4
2005-01-01T04:00,4.3
2005-01-01T04:15,4.4
2005-01-01T04:30,4.5
2005-01-01T04:45,4.7
2005-01-01T05:00,5
2005-01-01T05:15,5.2
2005-01-01T05:30,5.3
2005-01-01T05:45,5.2
2005-01-01T06:00,5.5
2005-01-01T06:15,5.8
2005-01-01T06:30,5.4
2005-01-01T06:45,5.2
2005-01-01T07:00,4.9
2005-01-01T07:15,4.6
2005-01-01T07:30,4.2
2005-01-01T07:45,3.8
2005-01-01T08:00,3.3
2005-01-01T08:15,3.3
2005-01-01T08:30,5.3
2005-01-01T08:45,6.2
2005-01-01T09:00,6.3
2005-01-01T09:15,6.4
2005-01-01T09:30,6.4
2005-01-01T09:45,6.5
2005-01-01T10:00,6.5
2005-01-01T10:15,6.3
2005-01-01T10:30,6.2
2005-01-01T10:45,6.3
2005-01-01T11:00,6.2
2005-01-01T11:15,6.3
2005-01-01T11:30,6.3
2005-01-01T11:45,5.8
2005-01-01T12:00,5.9
2005-01-01T12:15,5.8
2005-01-01T12:30,6
2005-01-01T12:45,5.9
2005-01-01T13:00,5.9
2005-01-01T13:15,5.8
2005-01-01T13:30,5.6
2005-01-01T13:45,5.4
2005-01-01T14:00,5.2
2005-01-01T14:15,4.9
2005-01-01T14:30,4.9
2005-01-01T14:45,4.7
2005-01-01T15:00,4.6
2005-01-01T15:15,4.5
2005-01-01T15:30,4.2
2005-01-01T15:45,3.8
2005-01-01T16:00,3.5
2005-01-01T16:15,3.1
2005-01-01T16:30,2.8
2005-01-01T16:45,2.5
2005-01-01T17:00,2.2
2005-01-01T17:15,1.6
2005-01-01T17:30,1.7
2005-01-01T17:45,1.8
2005-01-01T18:00,1.9
2005-01-01T18:15,1.5
2005-01-01T18:30,1.6
2005-01-01T18:45,1.5
2005-01-01T19:00,1.6
2005-01-01T19:15,1.8
2005-01-01T19:30,1.7
2005-01-01T19:45,1.7
2005-01-01T20:00,1.7
2005-01-01T20:15,1.7
2005-01-01T20:30,1.6
2005-01-01T20:45,1.4
2005-01-01T21:00,1.1
2005-01-01T21:15,0.6
2005-01-01T21:30,0.4
2005-01-01T21:45,0.3
2005-01-01T22:00,0
2005-01-01T22:15,-0.2
2005-01-01T22:30,-0.4
2005-01-01T22:45,-0.6
2005-01-01T23:00,-0.9
2005-01-01T23:15,-1.1
2005-01-01T23:30,-1.3
2005-01-01T23:45,-1.5
2005-01-01T24:00,-1.9
2005-01-02T00:15,-1.8
2005-01-02T00:30,-2
2005-01-02T00:45,-2.2
2005-01-02T01:00,-2.4
2005-01-02T01:15,-2.5
2005-01-02T01:30,-2.7
2005-01-02T01:45,-3
2005-01-02T02:00,-3.1
2005-01-02T02:15,-3.1
2005-01-02T02:30,-3.2
2005-01-02T02:45,-3.4
2005-01-02T03:00,-3.5
2005-01-02T03:15,-3.7
2005-01-02T03:30,-3.8
2005-01-02T03:45,-4
2005-01-02T04:00,-4.1
2005-01-02T04:15,-4.2
2005-01-02T04:30,-4.3
2005-01-02T04:45,-4.5
2005-01-02T05:00,-4.6
2005-01-02T05:15,-4.8
2005-01-02T05:30,-4.9
2005-01-02T05:45,-5
2005-01-02T06:00,-5.3
2005-01-02T06:15,-5.4
2005-01-02T06:30,-5.3
2005-01-02T06:45,-5.3
2005-01-02T07:00,-5.5
2005-01-02T07:15,-5.5
2005-01-02T07:30,-5.8
2005-01-02T07:45,-6
2005-01-02T08:00,-5.5
2005-01-02T08:15,-5.1
2005-01-02T08:30,-4.5
2005-01-02T08:45,-4
2005-01-02T09:00,-3.9
2005-01-02T09:15,-3.8
2005-01-02T09:30,-3.6
2005-01-02T09:45,-3.1
2005-01-02T10:00,-2.7
2005-01-02T10:15,-2.4
2005-01-02T10:30,-2.3
2005-01-02T10:45,-2.1
2005-01-02T11:00,-1.9
2005-01-02T11:15,-1.5
2005-01-02T11:30,-1.4
2005-01-02T11:45,-1.1
2005-01-02T12:00,-1.2
2005-01-02T12:15,-1.5
2005-01-02T12:30,-1.5
2005-01-02T12:45,-1.2
2005-01-02T13:00,-1.3
2005-01-02T13:15,-0.8
2005-01-02T13:30,-1.1
2005-01-02T13:45,-1.2
2005-01-02T14:00,-1.1
2005-01-02T14:15,-1
2005-01-02T14:30,-0.8
2005-01-02T14:45,-0.6
2005-01-02T15:00,-0.5
2005-01-02T15:15,-0.3
2005-01-02T15:30,-0.4
2005-01-02T15:45,-0.5
2005-01-02T16:00,-0.6
2005-01-02T16:15,-0.7
2005-01-02T16:30,-0.8
2005-01-02T16:45,-0.9
2005-01-02T17:00,-0.9
2005-01-02T17:15,-1
2005-01-02T17:30,-1
2005-01-02T17:45,-0.9
2005-01-02T18:00,-0.9
2005-01-02T18:15,-0.9
2005-01-02T18:30,-0.9
2005-01-02T18:45,-0.9
2005-01-02T19:00,-0.9
2005-01-02T19:15,-0.9
2005-01-02T19:30,-0.9
2005-01-02T19:45,-0.9
2005-01-02T20:00,-0.9
2005-01-02T20:15,-0.8
2005-01-02T20:30,-0.7
2005-01-02T20:45,-0.6
2005-01-02T21:00,-0.6
2005-01-02T21:15,-0.5
2005-01-02T21:30,-0.5
2005-01-02T21:45,-0.4
2005-01-02T22:00,-0.3
2005-01-02T22:15,-0.1
2005-01-02T22:30,0
2005-01-02T22:45,0.2
2005-01-02T23:00,0.2
2005-01-02T23:15,0.4
2005-01-02T23:30,0.5
2005-01-02T23:45,0.7
2005-01-02T24:00,0.9
2005-01-03T00:15,1.1
2005-01-03T00:30,1.4
2005-01-03T00:45,1.7
2005-01-03T01:00,2
2005-01-03T01:15,2.3
2005-01-03T01:30,2.6
2005-01-03T01:45,2.7
2005-01-03T02:00,2.8
2005-01-03T02:15,3
2005-01-03T02:30,3.2
2005-01-03T02:45,3.3
2005-01-03T03:00,3.5
2005-01-03T03:15,3.6
2005-01-03T03:30,3.8
2005-01-03T03:45,3.9
2005-01-03T04:00,4.1
2005-01-03T04:15,4.2
2005-01-03T04:30,4.2
2005-01-03T04:45,4.4
2005-01-03T05:00,4.4
2005-01-03T05:15,4.5
2005-01-03T05:30,4.6
2005-01-03T05:45,4.7
2005-01-03T06:00,4.8
2005-01-03T06:15,4.8
2005-01-03T06:30,4.9
2005-01-03T06:45,5
2005-01-03T07:00,4.9
2005-01-03T07:15,4.9
2005-01-03T07:30,5
2005-01-03T07:45,5
2005-01-03T08:00,5
2005-01-03T08:15,5.1
2005-01-03T08:30,5.1
2005-01-03T08:45,5.2
2005-01-03T09:00,5.3
2005-01-03T09:15,5.4
2005-01-03T09:30,5.5
2005-01-03T09:45,5.6
2005-01-03T10:00,5.8
2005-01-03T10:15,5.9
2005-01-03T10:30,6
2005-01-03T10:45,6.2
2005-01-03T11:00,6.3
2005-01-03T11:15,6.4
2005-01-03T11:30,6.6
2005-01-03T11:45,6.7
2005-01-03T12:00,6.6
2005-01-03T12:15,6.7
2005-01-03T12:30,6.8
2005-01-03T12:45,6.8
2005-01-03T13:00,6.9
2005-01-03T13:15,7.2
2005-01-03T13:30,7.3
2005-01-03T13:45,7.2
2005-01-03T14:00,7.4
2005-01-03T14:15,7.7
2005-01-03T14:30,7.9
2005-01-03T14:45,8.1
2005-01-03T15:00,8.2
2005-01-03T15:15,7.8
2005-01-03T15:30,7.7
2005-01-03T15:45,7.3
2005-01-03T16:00,7.1
2005-01-03T16:15,6.6
2005-01-03T16:30,6.3
2005-01-03T16:45,5.9
2005-01-03T17:00,5.7
2005-01-03T17:15,5.3
2005-01-03T17:30,5.2
2005-01-03T17:45,5
2005-01-03T18:00,5.1
2005-01-03T18:15,5.5
2005-01-03T18:30,5.7
2005-01-03T18:45,5.4
2005-01-03T19:00,4.5
2005-01-03T19:15,4
2005-01-03T19:30,3.8
2005-01-03T19:45,3.7
2005-01-03T20:00,3.5
2005-01-03T20:15,3.5
2005-01-03T20:30,3.3
2005-01-03T20:45,3.2
2005-01-03T21:00,3.6
2005-01-03T21:15,3.5
2005-01-03T21:30,3.4
2005-01-03T21:45,3.5
2005-01-03T22:00,3.4
2005-01-03T22:15,3.4
2005-01-03T22:30,3.4
2005-01-03T22:45,3.6
2005-01-03T23:00,3.4
2005-01-03T23:15,3.4
2005-01-03T23:30,3.2
2005-01-03T23:45,3.1
2005-01-03T24:00,3
2005-01-04T00:15,3
2005-01-04T00:30,3
2005-01-04T00:45,2.8
2005-01-04T01:00,2.8
2005-01-04T01:15,2.7
2005-01-04T01:30,2.7
2005-01-04T01:45,2.7
2005-01-04T02:00,2.7
2005-01-04T02:15,2.9
2005-01-04T02:30,2.8
2005-01-04T02:45,2.8
2005-01-04T03:00,3
2005-01-04T03:15,3
2005-01-04T03:30,3
2005-01-04T03:45,2.9
2005-01-04T04:00,2.8
2005-01-04T04:15,2.7
2005-01-04T04:30,2.6
2005-01-04T04:45,2.6
2005-01-04T05:00,2.5
2005-01-04T05:15,2.4
2005-01-04T05:30,2.3
2005-01-04T05:45,2.2
2005-01-04T06:00,2.1
2005-01-04T06:15,2
2005-01-04T06:30,1.9
2005-01-04T06:45,1.8
2005-01-04T07:00,1.7
2005-01-04T07:15,1.7
2005-01-04T07:30,1.6
2005-01-04T07:45,1.5
2005-01-04T08:00,1.5
2005-01-04T08:15,1.6
2005-01-04T08:30,1.7
2005-01-04T08:45,1.9
2005-01-04T09:00,2
2005-01-04T09:15,1.9
2005-01-04T09:30,2.2
2005-01-04T09:45,2.2
2005-01-04T10:00,2.2
2005-01-04T10:15,3.5
2005-01-04T10:30,3.8
2005-01-04T10:45,3.4
2005-01-04T11:00,3.8
2005-01-04T11:15,4.1
2005-01-04T11:30,4.8
2005-01-04T11:45,5.2
2005-01-04T12:00,6.2
2005-01-04T12:15,5.1
2005-01-04T12:30,4.7
2005-01-04T12:45,4.4
2005-01-04T13:00,4.8
2005-01-04T13:15,5
2005-01-04T13:30,5.1
2005-01-04T13:45,5.2
2005-01-04T14:00,5
2005-01-04T14:15,4.9
2005-01-04T14:30,4.9
2005-01-04T14:45,4.9
2005-01-04T15:00,4.9
2005-01-04T15:15,4.9
2005-01-04T15:30,5.1
2005-01-04T15:45,5.2
2005-01-04T16:00,5.1
2005-01-04T16:15,4.9
2005-01-04T16:30,4.6
2005-01-04T16:45,4
2005-01-04T17:00,3.4
2005-01-04T17:15,2.8
2005-01-04T17:30,2.3
2005-01-04T17:45,1.9
2005-01-04T18:00,1.9
2005-01-04T18:15,2
2005-01-04T18:30,1.7
2005-01-04T18:45,1.4
2005-01-04T19:00,1.3
2005-01-04T19:15,1.1
2005-01-04T19:30,0.9
2005-01-04T19:45,0.8
2005-01-04T20:00,0.5
2005-01-04T20:15,0.2
2005-01-04T20:30,-0.4
2005-01-04T20:45,-0.7
2005-01-04T21:00,-0.8
2005-01-04T21:15,-0.5
2005-01-04T21:30,-0.7
2005-01-04T21:45,-0.9
2005-01-04T22:00,-0.9
2005-01-04T22:15,-0.9
2005-01-04T22:30,-0.7
2005-01-04T22:45,-1.1
2005-01-04T23:00,-1.3
2005-01-04T23:15,-1.3
2005-01-04T23:30,-1
2005-01-04T23:45,-1.1
2005-01-04T24:00,-1.3
2005-01-05T00:15,-1.4
2005-01-05T00:30,-1.5
2005-01-05T00:45,-1.6
2005-01-05T01:00,-1.8
2005-01-05T01:15,-1.8
2005-01-05T01:30,-2
2005-01-05T01:45,-2.1
2005-01-05T02:00,-2.1
2005-01-05T02:15,-2.1
2005-01-05T02:30,-2
2005-01-05T02:45,-2.1
2005-01-05T03:00,-2.2
2005-01-05T03:15,-2.2
2005-01-05T03:30,-2.2
2005-01-05T03:45,-2.3
2005-01-05T04:00,-2.3
2005-01-05T04:15,-2
2005-01-05T04:30,-1.9
2005-01-05T04:45,-2
2005-01-05T05:00,-2
2005-01-05T05:15,-1.9
2005-01-05T05:30,-1.8
2005-01-05T05:45,-1.8
2005-01-05T06:00,-1.8
2005-01-05T06:15,-1.9
2005-01-05T06:30,-1.8
2005-01-05T06:45,-1.7
2005-01-05T07:00,-1.6
2005-01-05T07:15,-1.6
2005-01-05T07:30,-1.5
2005-01-05T07:45,-1.3
2005-01-05T08:00,-1.4
2005-01-05T08:15,-1.4
2005-01-05T08:30,-1.6
2005-01-05T08:45,-1.8
2005-01-05T09:00,-1.8
2005-01-05T09:15,-1.8
2005-01-05T09:30,-1.7
2005-01-05T09:45,-1.7
2005-01-05T10:00,-1.7
2005-01-05T10:15,-1.7
2005-01-05T10:30,-1.7
2005-01-05T10:45,-1.6
2005-01-05T11:00,-1.7
2005-01-05T11:15,-1.5
2005-01-05T11:30,-1.4
2005-01-05T11:45,-1.3
2005-01-05T12:00,-1.2
2005-01-05T12:15,-1.1
2005-01-05T12:30,-1.2
2005-01-05T12:45,-1.1
2005-01-05T13:00,-1.2
2005-01-05T13:15,-1.5
2005-01-05T13:30,-1.4
2005-01-05T13:45,-1.6
2005-01-05T14:00,-2
2005-01-05T14:15,-2.1
2005-01-05T14:30,-2.1
2005-01-05T14:45,-2.1
2005-01-05T15:00,-2.1
2005-01-05T15:15,-2.2
2005-01-05T15:30,-2.3
2005-01-05T15:45,-2.7
2005-01-05T16:00,-3
2005-01-05T16:15,-3.2
2005-01-05T16:30,-3.3
2005-01-05T16:45,-3.4
2005-01-05T17:00,-3.4
2005-01-05T17:15,-3.5
2005-01-05T17:30,-3.6
2005-01-05T17:45,-3.7
2005-01-05T18:00,-3.7
2005-01-05T18:15,-3.8
2005-01-05T18:30,-3.9
2005-01-05T18:45,-3.9
2005-01-05T19:00,-4
2005-01-05T19:15,-4.2
2005-01-05T19:30,-4.3
2005-01-05T19:45,-4.4
2005-01-05T20:00,-4.5
2005-01-05T20:15,-4.7
2005-01-05T20:30,-4.6
2005-01-05T20:45,-4.7
2005-01-05T21:00,-4.7
2005-01-05T21:15,-4.7
2005-01-05T21:30,-4.8
2005-01-05T21:45,-4.8
2005-01-05T22:00,-4.8
2005-01-05T22:15,-4.8
2005-01-05T22:30,-4.9
2005-01-05T22:45,-4.9
2005-01-05T23:00,-4.9
2005-01-05T23:15,-4.9
2005-01-05T23:30,-5
2005-01-05T23:45,-5
2005-01-05T24:00,-5
2005-01-06T00:15,-5.1
2005-01-06T00:30,-5.1
2005-01-06T00:45,-5.3
2005-01-06T01:00,-5.6
2005-01-06T01:15,-5.8
2005-01-06T01:30,-6.1
2005-01-06T01:45,-6.2
2005-01-06T02:00,-6.4
2005-01-06T02:15,-6.6
2005-01-06T02:30,-6.9
2005-01-06T02:45,-7.2
2005-01-06T03:00,-7.3
2005-01-06T03:15,-7.5
2005-01-06T03:30,-7.5
2005-01-06T03:45,-7.5
2005-01-06T04:00,-7.4
2005-01-06T04:15,-7.4
2005-01-06T04:30,-7.3
2005-01-06T04:45,-7.3
2005-01-06T05:00,-7.2
2005-01-06T05:15,-7.2
2005-01-06T05:30,-7.1
2005-01-06T05:45,-7
2005-01-06T06:00,-6.9
2005-01-06T06:15,-6.8
2005-01-06T06:30,-6.8
2005-01-06T06:45,-6.8
2005-01-06T07:00,-6.9
2005-01-06T07:15,-6.9
2005-01-06T07:30,-6.9
2005-01-06T07:45,-6.8
2005-01-06T08:00,-6.8
2005-01-06T08:15,-6.7
2005-01-06T08:30,-6.6
2005-01-06T08:45,-6.4
2005-01-06T09:00,-6.3
2005-01-06T09:15,-6.2
2005-01-06T09:30,-6
2005-01-06T09:45,-5.9
2005-01-06T10:00,-5.8
2005-01-06T10:15,-5.7
2005-01-06T10:30,-5.6
2005-01-06T10:45,-5.6
2005-01-06T11:00,-5.6
2005-01-06T11:15,-5.4
2005-01-06T11:30,-5.3
2005-01-06T11:45,-5.2
2005-01-06T12:00,-5.1
2005-01-06T12:15,-5
2005-01-06T12:30,-5
2005-01-06T12:45,-4.8
2005-01-06T13:00,-4.7
2005-01-06T13:15,-4.6
2005-01-06T13:30,-4.6
2005-01-06T13:45,-4.5
2005-01-06T14:00,-4.3
2005-01-06T14:15,-4.2
2005-01-06T14:30,-4.2
2005-01-06T14:45,-4.1
2005-01-06T15:00,-3.9
2005-01-06T15:15,-3.6
2005-01-06T15:30,-3.2
2005-01-06T15:45,-3
2005-01-06T16:00,-2.8
2005-01-06T16:15,-2.6
2005-01-06T16:30,-2.3
2005-01-06T16:45,-2
2005-01-06T17:00,-1.8
2005-01-06T17:15,-1.7
2005-01-06T17:30,-1.6
2005-01-06T17:45,-1.6
2005-01-06T18:00,-1.5
2005-01-06T18:15,-1.5
2005-01-06T18:30,-1.4
2005-01-06T18:45,-1.4
2005-01-06T19:00,-1.3
2005-01-06T19:15,-1.3
2005-01-06T19:30,-1.3
2005-01-06T19:45,-1.2
2005-01-06T20:00,-1.2
2005-01-06T20:15,-1.2
2005-01-06T20:30,-1.2
2005-01-06T20:45,-1.2
2005-01-06T21:00,-1.2
2005-01-06T21:15,-1.1
2005-01-06T21:30,-1.1
2005-01-06T21:45,-1.2
2005-01-06T22:00,-1.2
2005-01-06T22:15,-1.3
2005-01-06T22:30,-1.3
2005-01-06T22:45,-1.3
2005-01-06T23:00,-1.4
2005-01-06T23:15,-1.4
2005-01-06T23:30,-1.4
2005-01-06T23:45,-1.4
2005-01-06T24:00,-1.3
2005-01-07T00:15,-1.1
2005-01-07T00:30,-0.8
2005-01-07T00:45,-0.8
2005-01-07T01:00,-0.8
2005-01-07T01:15,-0.8
2005-01-07T01:30,-0.7
2005-01-07T01:45,-0.7
2005-01-07T02:00,-0.7
2005-01-07T02:15,-0.9
2005-01-07T02:30,-0.9
2005-01-07T02:45,-0.9
2005-01-07T03:00,-0.8
2005-01-07T03:15,-0.8
2005-01-07T03:30,-0.8
2005-01-07T03:45,-0.7
2005-01-07T04:00,-0.7
2005-01-07T04:15,-0.8
2005-01-07T04:30,-1
2005-01-07T04:45,-1.2
2005-01-07T05:00,-1.3
2005-01-07T05:15,-1.5
2005-01-07T05:30,-1.8
2005-01-07T05:45,-2
2005-01-07T06:00,-2.5
2005-01-07T06:15,-2.8
2005-01-07T06:30,-2.9
2005-01-07T06:45,-3
2005-01-07T07:00,-3.2
2005-01-07T07:15,-3.3
2005-01-07T07:30,-3.5
2005-01-07T07:45,-3.6
2005-01-07T08:00,-3.7
2005-01-07T08:15,-3.8
2005-01-07T08:30,-3.8
2005-01-07T08:45,-3.7
2005-01-07T09:00,-3.5
2005-01-07T09:15,-3.4
2005-01-07T09:30,-3.4
2005-01-07T09:45,-2.9
2005-01-07T10:00,-2.8
2005-01-07T10:15,-2.7
2005-01-07T10:30,-2.6
2005-01-07T10:45,-2.4
2005-01-07T11:00,-2.4
2005-01-07T11:15,-2.4
2005-01-07T11:30,-2.1
2005-01-07T11:45,-2.2
2005-01-07T12:00,-2.4
2005-01-07T12:15,-2.2
2005-01-07T12:30,-2
2005-01-07T12:45,-1.7
2005-01-07T13:00,-1.4
2005-01-07T13:15,-1.2
2005-01-07T13:30,-1.1
2005-01-07T13:45,-0.9
2005-01-07T14:00,-1.1
2005-01-07T14:15,-1.2
2005-01-07T14:30,-1.1
2005-01-07T14:45,-1
2005-01-07T15:00,-0.9
2005-01-07T15:15,-1.1
2005-01-07T15:30,-1
2005-01-07T15:45,-1.2
2005-01-07T16:00,-1.6
2005-01-07T16:15,-2
2005-01-07T16:30,-2.5
2005-01-07T16:45,-3
2005-01-07T17:00,-3.4
2005-01-07T17:15,-3.7
2005-01-07T17:30,-3.8
2005-01-07T17:45,-4
2005-01-07T18:00,-4.2
2005-01-07T18:15,-4.3
2005-01-07T18:30,-4.4
2005-01-07T18:45,-4.6
2005-01-07T19:00,-4.7
2005-01-07T19:15,-4.5
2005-01-07T19:30,-4.5
2005-01-07T19:45,-4.9
2005-01-07T20:00,-5
2005-01-07T20:15,-5.1
2005-01-07T20:30,-5.3
2005-01-07T20:45,-5.4
2005-01-07T21:00,-5.2
2005-01-07T21:15,-5.3
2005-01-07T21:30,-5.3
2005-01-07T21:45,-5.6
2005-01-07T22:00,-5.6
2005-01-07T22:15,-6
2005-01-07T22:30,-6.2
2005-01-07T22:45,-6.4
2005-01-07T23:00,-6.7
2005-01-07T23:15,-6.7
2005-01-07T23:30,-6.7
2005-01-07T23:45,-6.7
2005-01-07T24:00,-6.8
2005-01-08T00:15,-6.8
2005-01-08T00:30,-6.6
2005-01-08T00:45,-6.4
2005-01-08T01:00,-6.1
2005-01-08T01:15,-5.8
2005-01-08T01:30,-5.7
2005-01-08T01:45,-5.7
2005-01-08T02:00,-5.8
2005-01-08T02:15,-6
2005-01-08T02:30,-6.3
2005-01-08T02:45,-6.5
2005-01-08T03:00,-6.5
2005-01-08T03:15,-6.3
2005-01-08T03:30,-6
2005-01-08T03:45,-5.7
2005-01-08T04:00,-5.4
2005-01-08T04:15,-5.2
2005-01-08T04:30,-5.1
2005-01-08T04:45,-4.8
2005-01-08T05:00,-4.8
2005-01-08T05:15,-4.7
2005-01-08T05:30,-4.6
2005-01-08T05:45,-4.5
2005-01-08T06:00,-4.4
2005-01-08T06:15,-4.3
2005-01-08T06:30,-4.3
2005-01-08T06:45,-4.3
2005-01-08T07:00,-4.3
2005-01-08T07:15,-4.3
2005-01-08T07:30,-4.3
2005-01-08T07:45,-4.3
2005-01-08T08:00,-4.3
2005-01-08T08:15,-4.1
2005-01-08T08:30,-4
2005-01-08T08:45,-3.9
2005-01-08T09:00,-4
2005-01-08T09:15,-4.1
2005-01-08T09:30,-4.1
2005-01-08T09:45,-4
2005-01-08T10:00,-3.8
2005-01-08T10:15,-3.7
2005-01-08T10:30,-3.6
2005-01-08T10:45,-3.5
2005-01-08T11:00,-3.5
2005-01-08T11:15,-3.5
2005-01-08T11:30,-3.5
2005-01-08T11:45,-3.5
2005-01-08T12:00,-3.5
2005-01-08T12:15,-3.4
2005-01-08T12:30,-3.2
2005-01-08T12:45,-3.1
2005-01-08T13:00,-3.1
2005-01-08T13:15,-3
2005-01-08T13:30,-3
2005-01-08T13:45,-2.8
2005-01-08T14:00,-2.7
2005-01-08T14:15,-2.8
2005-01-08T14:30,-2.9
2005-01-08T14:45,-3
2005-01-08T15:00,-3.1
2005-01-08T15:15,-3.1
2005-01-08T15:30,-3.1
2005-01-08T15:45,-3.2
2005-01-08T16:00,-3.2
2005-01-08T16:15,-3.2
2005-01-08T16:30,-3.4
2005-01-08T16:45,-3.4
2005-01-08T17:00,-3.5
2005-01-08T17:15,-3.7
2005-01-08T17:30,-3.8
2005-01-08T17:45,-4
2005-01-08T18:00,-4.1
2005-01-08T18:15,-4.2
2005-01-08T18:30,-4.3
2005-01-08T18:45,-4.3
2005-01-08T19:00,-4.3
2005-01-08T19:15,-4.2
2005-01-08T19:30,-4.2
2005-01-08T19:45,-4.2
2005-01-08T20:00,-4.3
2005-01-08T20:15,-4.3
2005-01-08T20:30,-4.3
2005-01-08T20:45,-4.4
2005-01-08T21:00,-4.5
2005-01-08T21:15,-4.7
2005-01-08T21:30,-4.9
2005-01-08T21:45,-5.1
2005-01-08T22:00,-5.4
2005-01-08T22:15,-5.4
2005-01-08T22:30,-5.5
2005-01-08T22:45,-5.4
2005-01-08T23:00,-5.3
2005-01-08T23:15,-5.5
2005-01-08T23:30,-5.6
2005-01-08T23:45,-5.5
2005-01-08T24:00,-5.5
2005-01-09T00:15,-5.5
2005-01-09T00:30,-5.6
2005-01-09T00:45,-5.8
2005-01-09T01:00,-5.8
2005-01-09T01:15,-5.9
2005-01-09T01:30,-6
2005-01-09T01:45,-6.1
2005-01-09T02:00,-6.3
2005-01-09T02:15,-6.2
2005-01-09T02:30,-6.3
2005-01-09T02:45,-6.4
2005-01-09T03:00,-6.3
2005-01-09T03:15,-6.2
2005-01-09T03:30,-6.3
2005-01-09T03:45,-6.3
2005-01-09T04:00,-6.6
2005-01-09T04:15,-6.6
2005-01-09T04:30,-6.7
2005-01-09T04:45,-6.9
2005-01-09T05:00,-7.1
2005-01-09T05:15,-7.7
2005-01-09T05:30,-8.1
2005-01-09T05:45,-8.6
2005-01-09T06:00,-8.6
2005-01-09T06:15,-8.2
2005-01-09T06:30,-8.2
2005-01-09T06:45,-8.5
2005-01-09T07:00,-8.8
2005-01-09T07:15,-8.9
2005-01-09T07:30,-9
2005-01-09T07:45,-9
2005-01-09T08:00,-9.1
2005-01-09T08:15,-8.9
2005-01-09T08:30,-8.5
2005-01-09T08:45,-7.5
2005-01-09T09:00,-6
2005-01-09T09:15,-5.2
2005-01-09T09:30,-5.4
2005-01-09T09:45,-3.9
2005-01-09T10:00,-3
2005-01-09T10:15,-3.3
2005-01-09T10:30,-3.1
2005-01-09T10:45,-2.9
2005-01-09T11:00,-2.6
2005-01-09T11:15,-2.4
2005-01-09T11:30,-2.4
2005-01-09T11:45,-2.5
2005-01-09T12:00,-2
2005-01-09T12:15,-2.4
2005-01-09T12:30,-2.2
2005-01-09T12:45,-2.2
2005-01-09T13:00,-2.3
2005-01-09T13:15,-1.5
2005-01-09T13:30,-2.1
2005-01-09T13:45,-1.4
2005-01-09T14:00,-2.6
2005-01-09T14:15,-3
2005-01-09T14:30,-3
2005-01-09T14:45,-2.9
2005-01-09T15:00,-2.7
2005-01-09T15:15,-2.7
2005-01-09T15:30,-2.8
2005-01-09T15:45,-2.9
2005-01-09T16:00,-3
2005-01-09T16:15,-3.1
2005-01-09T16:30,-3.1
2005-01-09T16:45,-3.2
2005-01-09T17:00,-3.2
2005-01-09T17:15,-3.4
2005-01-09T17:30,-3.4
2005-01-09T17:45,-3.5
2005-01-09T18:00,-3.5
2005-01-09T18:15,-3.5
2005-01-09T18:30,-3.5
2005-01-09T18:45,-3.5
2005-01-09T19:00,-3.5
2005-01-09T19:15,-3.5
2005-01-09T19:30,-3.5
2005-01-09T19:45,-3.5
2005-01-09T20:00,-3.5
2005-01-09T20:15,-3.6
2005-01-09T20:30,-3.6
2005-01-09T20:45,-3.7
2005-01-09T21:00,-3.7
2005-01-09T21:15,-3.7
2005-01-09T21:30,-3.7
2005-01-09T21:45,-3.7
2005-01-09T22:00,-3.7
2005-01-09T22:15,-3.7
2005-01-09T22:30,-3.6
2005-01-09T22:45,-3.6
2005-01-09T23:00,-3.6
2005-01-09T23:15,-3.4
2005-01-09T23:30,-3.5
2005-01-09T23:45,-3.6
2005-01-09T24:00,-3.6
2005-01-10T00:15,-3.6
2005-01-10T00:30,-3.5
2005-01-10T00:45,-3.4
2005-01-10T01:00,-3.4
2005-01-10T01:15,-3.4
2005-01-10T01:30,-3.4
2005-01-10T01:45,-3.4
2005-01-10T02:00,-3.4
2005-01-10T02:15,-3.4
2005-01-10T02:30,-3.3
2005-01-10T02:45,-3.3
2005-01-10T03:00,-3.3
2005-01-10T03:15,-3.3
2005-01-10T03:30,-3.3
2005-01-10T03:45,-3.3
2005-01-10T04:00,-3.3
2005-01-10T04:15,-3.2
2005-01-10T04:30,-3.1
2005-01-10T04:45,-3
2005-01-10T05:00,-2.8
2005-01-10T05:15,-2.7
2005-01-10T05:30,-2.6
2005-01-10T05:45,-2.6
2005-01-10T06:00,-2.5
2005-01-10T06:15,-2.3
2005-01-10T06:30,-2.2
2005-01-10T06:45,-2.2
2005-01-10T07:00,-2.1
2005-01-10T07:15,-1.9
2005-01-10T07:30,-1.7
2005-01-10T07:45,-1.6
2005-01-10T08:00,-1.5
2005-01-10T08:15,-1.3
2005-01-10T08:30,-1.1
2005-01-10T08:45,-1
2005-01-10T09:00,-1
2005-01-10T09:15,-1
2005-01-10T09:30,-0.8
2005-01-10T09:45,-0.7
2005-01-10T10:00,-0.5
2005-01-10T10:15,-0.5
2005-01-10T10:30,-0.4
2005-01-10T10:45,-0.3
2005-01-10T11:00,-0.3
2005-01-10T11:15,-0.3
2005-01-10T11:30,-0.2
2005-01-10T11:45,-0.3
2005-01-10T12:00,-0.3
2005-01-10T12:15,-0.3
2005-01-10T12:30,-0.2
2005-01-10T12:45,-0.1
2005-01-10T13:00,0.1
2005-01-10T13:15,0.2
2005-01-10T13:30,0.2
2005-01-10T13:45,0.3
2005-01-10T14:00,0.4
2005-01-10T14:15,0.5
2005-01-10T14:30,0.5
2005-01-10T14:45,0.5
2005-01-10T15:00,1
2005-01-10T15:15,1.4
2005-01-10T15:30,2.1
2005-01-10T15:45,1.7
2005-01-10T16:00,1.7
2005-01-10T16:15,1.7
2005-01-10T16:30,1.6
2005-01-10T16:45,1.5
2005-01-10T17:00,1.4
2005-01-10T17:15,1.4
2005-01-10T17:30,1.2
2005-01-10T17:45,1.2
2005-01-10T18:00,0.9
2005-01-10T18:15,0.7
2005-01-10T18:30,0.7
2005-01-10T18:45,0.6
2005-01-10T19:00,0.7
2005-01-10T19:15,0.5
2005-01-10T19:30,0.5
2005-01-10T19:45,0.3
2005-01-10T20:00,0.1
2005-01-10T20:15,0.1
2005-01-10T20:30,0
2005-01-10T20:45,0.1
2005-01-10T21:00,0.1
2005-01-10T21:15,0
2005-01-10T21:30,0.2
2005-01-10T21:45,0.2
2005-01-10T22:00,0.1
2005-01-10T22:15,0
2005-01-10T22:30,-0.2
2005-01-10T22:45,-0.1
2005-01-10T23:00,-0.1
2005-01-10T23:15,-0.2
2005-01-10T23:30,-0.4
2005-01-10T23:45,-0.4
2005-01-10T24:00,-0.3
2005-01-11T00:15,-0.4
2005-01-11T00:30,-0.5
2005-01-11T00:45,-0.6
2005-01-11T01:00,-0.8
2005-01-11T01:15,-0.8
2005-01-11T01:30,-0.9
2005-01-11T01:45,-1.1
2005-01-11T02:00,-1.3
2005-01-11T02:15,-1.6
2005-01-11T02:30,-1.6
2005-01-11T02:45,-1.5
2005-01-11T03:00,-1.9
2005-01-11T03:15,-2
2005-01-11T03:30,-2.1
2005-01-11T03:45,-2
2005-01-11T04:00,-2.2
2005-01-11T04:15,-2.4
2005-01-11T04:30,-2.6
2005-01-11T04:45,-2.8
2005-01-11T05:00,-2.8
2005-01-11T05:15,-2.9
2005-01-11T05:30,-3.2
2005-01-11T05:45,-3.4
2005-01-11T06:00,-3.4
2005-01-11T06:15,-3.5
2005-01-11T06:30,-3.6
2005-01-11T06:45,-3.8
2005-01-11T07:00,-3.9
2005-01-11T07:15,-4
2005-01-11T07:30,-4.2
2005-01-11T07:45,-4.2
2005-01-11T08:00,-4
2005-01-11T08:15,-3.8
2005-01-11T08:30,-3.7
2005-01-11T08:45,-3.7
2005-01-11T09:00,-3.4
2005-01-11T09:15,-2.7
2005-01-11T09:30,-3
2005-01-11T09:45,-2.8
2005-01-11T10:00,-2.7
2005-01-11T10:15,-2.2
2005-01-11T10:30,-1.7
2005-01-11T10:45,-1.8
2005-01-11T11:00,-1.6
2005-01-11T11:15,-1.3
2005-01-11T11:30,-2.3
2005-01-11T11:45,-2.5
2005-01-11T12:00,-2.5
2005-01-11T12:15,-1.9
2005-01-11T12:30,-1.5
2005-01-11T12:45,-2
2005-01-11T13:00,-2
2005-01-11T13:15,-1.4
2005-01-11T13:30,-1.4
2005-01-11T13:45,-1.5
2005-01-11T14:00,-1.4
2005-01-11T14:15,-1.5
2005-01-11T14:30,-1.7
2005-01-11T14:45,-1.7
2005-01-11T15:00,-1.8
2005-01-11T15:15,-1.8
2005-01-11T15:30,-1.9
2005-01-11T15:45,-1.9
2005-01-11T16:00,-1.9
2005-01-11T16:15,-1.9
2005-01-11T16:30,-2
2005-01-11T16:45,-2.1
2005-01-11T17:00,-2.2
2005-01-11T17:15,-2.2
2005-01-11T17:30,-2.3
2005-01-11T17:45,-2.5
2005-01-11T18:00,-2.8
2005-01-11T18:15,-3
2005-01-11T18:30,-3.3
2005-01-11T18:45,-3.6
2005-01-11T19:00,-3.7
2005-01-11T19:15,-3.8
2005-01-11T19:30,-4
2005-01-11T19:45,-4.1
2005-01-11T20:00,-4.2
2005-01-11T20:15,-4.3
2005-01-11T20:30,-4.3
2005-01-11T20:45,-4.4
2005-01-11T21:00,-4.5
2005-01-11T21:15,-4.5
2005-01-11T21:30,-4.4
2005-01-11T21:45,-4.4
2005-01-11T22:00,-4.4
2005-01-11T22:15,-4.4
2005-01-11T22:30,-4.4
2005-01-11T22:45,-4.4
2005-01-11T23:00,-4.4
2005-01-11T23:15,-4.4
2005-01-11T23:30,-4.3
2005-01-11T23:45,-4.2
2005-01-11T24:00,-4.2
2005-01-12T00:15,-4.1
2005-01-12T00:30,-4
2005-01-12T00:45,-4
2005-01-12T01:00,-3.9
2005-01-12T01:15,-3.9
2005-01-12T01:30,-3.9
2005-01-12T01:45,-3.9
2005-01-12T02:00,-3.9
2005-01-12T02:15,-3.9
2005-01-12T02:30,-3.9
2005-01-12T02:45,-4
2005-01-12T03:00,-4
2005-01-12T03:15,-4
2005-01-12T03:30,-4
2005-01-12T03:45,-4
2005-01-12T04:00,-3.9
2005-01-12T04:15,-3.9
2005-01-12T04:30,-3.9
2005-01-12T04:45,-3.9
2005-01-12T05:00,-3.9
2005-01-12T05:15,-3.9
2005-01-12T05:30,-3.8
2005-01-12T05:45,-3.8
2005-01-12T06:00,-3.8
2005-01-12T06:15,-3.8
2005-01-12T06:30,-3.8
2005-01-12T06:45,-3.9
2005-01-12T07:00,-4
2005-01-12T07:15,-4
2005-01-12T07:30,-4
2005-01-12T07:45,-3.9
2005-01-12T08:00,-3.9
2005-01-12T08:15,-3.8
2005-01-12T08:30,-3.6
2005-01-12T08:45,-3.4
2005-01-12T09:00,-3.5
2005-01-12T09:15,-3.4
2005-01-12T09:30,-3.4
2005-01-12T09:45,-3.2
2005-01-12T10:00,-2.9
2005-01-12T10:15,-2.5
2005-01-12T10:30,-2.3
2005-01-12T10:45,-2.2
2005-01-12T11:00,-2.2
2005-01-12T11:15,-2.1
2005-01-12T11:30,-1.9
2005-01-12T11:45,-1.6
2005-01-12T12:00,-1.4
2005-01-12T12:15,-1.3
2005-01-12T12:30,-1.1
2005-01-12T12:45,-0.9
2005-01-12T13:00,-0.9
2005-01-12T13:15,-0.9
2005-01-12T13:30,-1
2005-01-12T13:45,-1.1
2005-01-12T14:00,-1.2
2005-01-12T14:15,-1.2
2005-01-12T14:30,-1.2
2005-01-12T14:45,-1.1
2005-01-12T15:00,-1
2005-01-12T15:15,-0.8
2005-01-12T15:30,-0.9
2005-01-12T15:45,-0.8
2005-01-12T16:00,-0.8
2005-01-12T16:15,-0.8
2005-01-12T16:30,-0.8
2005-01-12T16:45,-0.8
2005-01-12T17:00,-0.8
2005-01-12T17:15,-0.6
2005-01-12T17:30,-0.7
2005-01-12T17:45,-0.7
2005-01-12T18:00,-0.7
2005-01-12T18:15,-0.6
2005-01-12T18:30,-0.7
2005-01-12T18:45,-0.7
2005-01-12T19:00,-0.6
2005-01-12T19:15,-0.6
2005-01-12T19:30,-0.6
2005-01-12T19:45,-0.6
2005-01-12T20:00,-0.6
2005-01-12T20:15,-0.6
2005-01-12T20:30,-0.5
2005-01-12T20:45,-0.3
2005-01-12T21:00,-0.2
2005-01-12T21:15,-0.2
2005-01-12T21:30,-0.2
2005-01-12T21:45,-0.2
2005-01-12T22:00,-0.2
2005-01-12T22:15,-0.2
2005-01-12T22:30,-0.2
2005-01-12T22:45,-0.2
2005-01-12T23:00,-0.2
2005-01-12T23:15,-0.2
2005-01-12T23:30,-0.2
2005-01-12T23:45,-0.2
2005-01-12T24:00,-0.2
2005-01-13T00:15,-0.2
2005-01-13T00:30,-0.2
2005-01-13T00:45,-0.3
2005-01-13T01:00,-0.3
2005-01-13T01:15,-0.3
2005-01-13T01:30,-0.3
2005-01-13T01:45,-0.4
2005-01-13T02:00,-0.4
2005-01-13T02:15,-0.5
2005-01-13T02:30,-0.6
2005-01-13T02:45,-0.6
2005-01-13T03:00,-0.7
2005-01-13T03:15,-0.7
2005-01-13T03:30,-0.8
2005-01-13T03:45,-0.8
2005-01-13T04:00,-0.8
2005-01-13T04:15,-0.7
2005-01-13T04:30,-0.7
2005-01-13T04:45,-0.7
2005-01-13T05:00,-0.6
2005-01-13T05:15,-0.6
2005-01-13T05:30,-0.6
2005-01-13T05:45,-0.4
2005-01-13T06:00,-0.4
2005-01-13T06:15,-0.4
2005-01-13T06:30,-0.4
2005-01-13T06:45,-0.3
2005-01-13T07:00,-0.1
2005-01-13T07:15,-0.1
2005-01-13T07:30,0
2005-01-13T07:45,-0.1
2005-01-13T08:00,0
2005-01-13T08:15,0.1
2005-01-13T08:30,0.1
2005-01-13T08:45,0.2
2005-01-13T09:00,0.3
2005-01-13T09:15,0.3
2005-01-13T09:30,0.3
2005-01-13T09:45,0.4
2005-01-13T10:00,0.4
2005-01-13T10:15,0.4
2005-01-13T10:30,0.7
2005-01-13T10:45,0.9
2005-01-13T11:00,1.2
2005-01-13T11:15,1.2
2005-01-13T11:30,1.2
2005-01-13T11:45,1.2
2005-01-13T12:00,1.3
2005-01-13T12:15,1.9
2005-01-13T12:30,2.4
2005-01-13T12:45,2.6
2005-01-13T13:00,2.8
2005-01-13T13:15,2.7
2005-01-13T13:30,2.9
2005-01-13T13:45,3.2
2005-01-13T14:00,3.5
2005-01-13T14:15,3.9
2005-01-13T14:30,4.4
2005-01-13T14:45,5
2005-01-13T15:00,5.5
2005-01-13T15:15,6
2005-01-13T15:30,6.6
2005-01-13T15:45,7.4
2005-01-13T16:00,7.7
2005-01-13T16:15,8.2
2005-01-13T16:30,8.4
2005-01-13T16:45,8.8
2005-01-13T17:00,9.1
2005-01-13T17:15,9.3
2005-01-13T17:30,8.9
2005-01-13T17:45,9
2005-01-13T18:00,8.4
2005-01-13T18:15,9.1
2005-01-13T18:30,9.2
2005-01-13T18:45,8.8
2005-01-13T19:00,8.3
2005-01-13T19:15,8.9
2005-01-13T19:30,9.7
2005-01-13T19:45,10.4
2005-01-13T20:00,10.9
2005-01-13T20:15,11.4
2005-01-13T20:30,11.9
2005-01-13T20:45,12.2
2005-01-13T21:00,12.1
2005-01-13T21:15,12.1
2005-01-13T21:30,12.1
2005-01-13T21:45,12.4
2005-01-13T22:00,12.6
2005-01-13T22:15,12.6
2005-01-13T22:30,12.3
2005-01-13T22:45,12.2
2005-01-13T23:00,12
2005-01-13T23:15,12
2005-01-13T23:30,12.2
2005-01-13T23:45,12.4
2005-01-13T24:00,12.2
2005-01-14T00:15,12.3
2005-01-14T00:30,12.3
2005-01-14T00:45,12.2
2005-01-14T01:00,12.6
2005-01-14T01:15,12.7
2005-01-14T01:30,12.9
2005-01-14T01:45,13.2
2005-01-14T02:00,13.3
2005-01-14T02:15,13.4
2005-01-14T02:30,13.4
2005-01-14T02:45,13.4
2005-01-14T03:00,13.5
2005-01-14T03:15,13.5
2005-01-14T03:30,13.6
2005-01-14T03:45,13.7
2005-01-14T04:00,13.7
2005-01-14T04:15,13.8
2005-01-14T04:30,13.8
2005-01-14T04:45,13.6
2005-01-14T05:00,13.4
2005-01-14T05:15,13.5
2005-01-14T05:30,13.3
2005-01-14T05:45,13.4
2005-01-14T06:00,13.6
2005-01-14T06:15,13.7
2005-01-14T06:30,13.6
2005-01-14T06:45,13.6
2005-01-14T07:00,13.5
2005-01-14T07:15,13.5
2005-01-14T07:30,13
2005-01-14T07:45,12
2005-01-14T08:00,10.4
2005-01-14T08:15,9.6
2005-01-14T08:30,9.3
2005-01-14T08:45,8.5
2005-01-14T09:00,6.9
2005-01-14T09:15,5.6
2005-01-14T09:30,5.3
2005-01-14T09:45,4.9
2005-01-14T10:00,4.6
2005-01-14T10:15,4
2005-01-14T10:30,3.1
2005-01-14T10:45,2.5
2005-01-14T11:00,2.1
2005-01-14T11:15,1.7
2005-01-14T11:30,1.1
2005-01-14T11:45,0.4
2005-01-14T12:00,0.1
2005-01-14T12:15,0.1
2005-01-14T12:30,0.2
2005-01-14T12:45,0.2
2005-01-14T13:00,0.1
2005-01-14T13:15,0
2005-01-14T13:30,-0.2
2005-01-14T13:45,-0.2
2005-01-14T14:00,-0.2
2005-01-14T14:15,-0.1
2005-01-14T14:30,-0.1
2005-01-14T14:45,0
2005-01-14T15:00,0
2005-01-14T15:15,0
2005-01-14T15:30,0
2005-01-14T15:45,-0.1
2005-01-14T16:00,-0.2
2005-01-14T16:15,-0.3
2005-01-14T16:30,-0.5
2005-01-14T16:45,-0.6
2005-01-14T17:00,-0.7
2005-01-14T17:15,-0.8
2005-01-14T17:30,-1.1
2005-01-14T17:45,-1.4
2005-01-14T18:00,-1.7
2005-01-14T18:15,-1.8
2005-01-14T18:30,-2
2005-01-14T18:45,-2.2
2005-01-14T19:00,-2.3
2005-01-14T19:15,-2.4
2005-01-14T19:30,-2.6
2005-01-14T19:45,-2.7
2005-01-14T20:00,-2.8
2005-01-14T20:15,-3
2005-01-14T20:30,-3.2
2005-01-14T20:45,-3.2
2005-01-14T21:00,-3.3
2005-01-14T21:15,-3.4
2005-01-14T21:30,-3.5
2005-01-14T21:45,-3.7
2005-01-14T22:00,-3.9
2005-01-14T22:15,-4.1
2005-01-14T22:30,-4.3
2005-01-14T22:45,-4.4
2005-01-14T23:00,-4.5
2005-01-14T23:15,-4.6
2005-01-14T23:30,-4.6
2005-01-14T23:45,-4.8
2005-01-14T24:00,-5
2005-01-15T00:15,-5.2
2005-01-15T00:30,-5.2
2005-01-15T00:45,-5.4
2005-01-15T01:00,-5.4
2005-01-15T01:15,-5.5
2005-01-15T01:30,-5.6
2005-01-15T01:45,-5.6
2005-01-15T02:00,-5.7
2005-01-15T02:15,-5.8
2005-01-15T02:30,-5.9
2005-01-15T02:45,-6
2005-01-15T03:00,-6.2
2005-01-15T03:15,-6.4
2005-01-15T03:30,-6.5
2005-01-15T03:45,-6.5
2005-01-15T04:00,-6.5
2005-01-15T04:15,-6.6
2005-01-15T04:30,-6.7
2005-01-15T04:45,-6.9
2005-01-15T05:00,-7
2005-01-15T05:15,-7.3
2005-01-15T05:30,-7.6
2005-01-15T05:45,-7.9
2005-01-15T06:00,-8.1
2005-01-15T06:15,-8.3
2005-01-15T06:30,-8.4
2005-01-15T06:45,-8.5
2005-01-15T07:00,-8.6
2005-01-15T07:15,-8.8
2005-01-15T07:30,-9.1
2005-01-15T07:45,-9.2
2005-01-15T08:00,-9.1
2005-01-15T08:15,-8.4
2005-01-15T08:30,-7.1
2005-01-15T08:45,-6.1
2005-01-15T09:00,-5.7
2005-01-15T09:15,-5.9
2005-01-15T09:30,-6
2005-01-15T09:45,-5.8
2005-01-15T10:00,-5.3
2005-01-15T10:15,-5.9
2005-01-15T10:30,-5.8
2005-01-15T10:45,-5.7
2005-01-15T11:00,-5.4
2005-01-15T11:15,-5.5
2005-01-15T11:30,-5.4
2005-01-15T11:45,-5
2005-01-15T12:00,-5
2005-01-15T12:15,-5
2005-01-15T12:30,-4.9
2005-01-15T12:45,-4.8
2005-01-15T13:00,-4.5
2005-01-15T13:15,-4.6
2005-01-15T13:30,-4.5
2005-01-15T13:45,-4.5
2005-01-15T14:00,-4.3
2005-01-15T14:15,-4.2
2005-01-15T14:30,-4.2
2005-01-15T14:45,-4.3
2005-01-15T15:00,-4.4
2005-01-15T15:15,-4.7
2005-01-15T15:30,-4.8
2005-01-15T15:45,-5.1
2005-01-15T16:00,-5.1
2005-01-15T16:15,-5.5
2005-01-15T16:30,-5.7
2005-01-15T16:45,-6
2005-01-15T17:00,-6.4
2005-01-15T17:15,-6.8
2005-01-15T17:30,-7.3
2005-01-15T17:45,-7.5
2005-01-15T18:00,-7.9
2005-01-15T18:15,-8.1
2005-01-15T18:30,-8.2
2005-01-15T18:45,-7.9
2005-01-15T19:00,-7.8
2005-01-15T19:15,-7.8
2005-01-15T19:30,-8.2
2005-01-15T19:45,-8.3
2005-01-15T20:00,-8.5
2005-01-15T20:15,-8.7
2005-01-15T20:30,-8.7
2005-01-15T20:45,-8.7
2005-01-15T21:00,-8.7
2005-01-15T21:15,-8.9
2005-01-15T21:30,-9.1
2005-01-15T21:45,-8.8
2005-01-15T22:00,-9
2005-01-15T22:15,-9.1
2005-01-15T22:30,-9.2
2005-01-15T22:45,-9.3
2005-01-15T23:00,-9.5
2005-01-15T23:15,-9.5
2005-01-15T23:30,-9.5
2005-01-15T23:45,-9.5
2005-01-15T24:00,-9.8
2005-01-16T00:15,-10.1
2005-01-16T00:30,-10.4
2005-01-16T00:45,-10.3
2005-01-16T01:00,-10.1
2005-01-16T01:15,-10
2005-01-16T01:30,-9.8
2005-01-16T01:45,-9.7
2005-01-16T02:00,-9.5
2005-01-16T02:15,-9.3
2005-01-16T02:30,-9.1
2005-01-16T02:45,-9.2
2005-01-16T03:00,-9.5
2005-01-16T03:15,-9.6
2005-01-16T03:30,-9.5
2005-01-16T03:45,-9.2
2005-01-16T04:00,-8.9
2005-01-16T04:15,-8.5
2005-01-16T04:30,-8.2
2005-01-16T04:45,-8.1
2005-01-16T05:00,-8.1
2005-01-16T05:15,-8.1
2005-01-16T05:30,-8.1
2005-01-16T05:45,-8.2
2005-01-16T06:00,-8.2
2005-01-16T06:15,-8.1
2005-01-16T06:30,-8.1
2005-01-16T06:45,-8
2005-01-16T07:00,-8.2
2005-01-16T07:15,-8.3
2005-01-16T07:30,-8.4
2005-01-16T07:45,-8.3
2005-01-16T08:00,-8.2
2005-01-16T08:15,-7.8
2005-01-16T08:30,-7.6
2005-01-16T08:45,-7.4
2005-01-16T09:00,-7.3
2005-01-16T09:15,-7.3
2005-01-16T09:30,-7.3
2005-01-16T09:45,-7.1
2005-01-16T10:00,-7
2005-01-16T10:15,-6.7
2005-01-16T10:30,-6.4
2005-01-16T10:45,-6.2
2005-01-16T11:00,-6
2005-01-16T11:15,-6
2005-01-16T11:30,-5.9
2005-01-16T11:45,-6
2005-01-16T12:00,-5.8
2005-01-16T12:15,-5.8
2005-01-16T12:30,-5.8
2005-01-16T12:45,-5.7
2005-01-16T13:00,-5.8
2005-01-16T13:15,-5.8
2005-01-16T13:30,-5.7
2005-01-16T13:45,-5.6
2005-01-16T14:00,-5.6
2005-01-16T14:15,-5.5
2005-01-16T14:30,-5.5
2005-01-16T14:45,-5.3
2005-01-16T15:00,-5.3
2005-01-16T15:15,-5.3
2005-01-16T15:30,-5.5
2005-01-16T15:45,-5.5
2005-01-16T16:00,-5.6
2005-01-16T16:15,-5.7
2005-01-16T16:30,-5.8
2005-01-16T16:45,-5.9
2005-01-16T17:00,-6.1
2005-01-16T17:15,-6.2
2005-01-16T17:30,-6.4
2005-01-16T17:45,-6.6
2005-01-16T18:00,-6.8
2005-01-16T18:15,-7.1
2005-01-16T18:30,-7.3
2005-01-16T18:45,-7.5
2005-01-16T19:00,-7.7
2005-01-16T19:15,-7.8
2005-01-16T19:30,-7.8
2005-01-16T19:45,-8
2005-01-16T20:00,-8.1
2005-01-16T20:15,-8.1
2005-01-16T20:30,-8.2
2005-01-16T20:45,-8.3
2005-01-16T21:00,-8.3
2005-01-16T21:15,-8.4
2005-01-16T21:30,-8.4
2005-01-16T21:45,-8.5
2005-01-16T22:00,-8.5
2005-01-16T22:15,-8.6
2005-01-16T22:30,-8.7
2005-01-16T22:45,-8.7
2005-01-16T23:00,-8.7
2005-01-16T23:15,-8.8
2005-01-16T23:30,-8.8
2005-01-16T23:45,-8.9
2005-01-16T24:00,-8.9
2005-01-17T00:15,-8.9
2005-01-17T00:30,-8.9
2005-01-17T00:45,-9
2005-01-17T01:00,-9
2005-01-17T01:15,-9
2005-01-17T01:30,-9.1
2005-01-17T01:45,-9.1
2005-01-17T02:00,-9.1
2005-01-17T02:15,-9.1
2005-01-17T02:30,-9.1
2005-01-17T02:45,-9.1
2005-01-17T03:00,-9.1
2005-01-17T03:15,-9.1
2005-01-17T03:30,-9
2005-01-17T03:45,-9
2005-01-17T04:00,-8.9
2005-01-17T04:15,-8.9
2005-01-17T04:30,-8.9
2005-01-17T04:45,-8.9
2005-01-17T05:00,-9
2005-01-17T05:15,-9.1
2005-01-17T05:30,-9.2
2005-01-17T05:45,-9.3
2005-01-17T06:00,-9.4
2005-01-17T06:15,-9.5
2005-01-17T06:30,-9.6
2005-01-17T06:45,-9.7
2005-01-17T07:00,-9.9
2005-01-17T07:15,-10
2005-01-17T07:30,-10.1
2005-01-17T07:45,-10.2
2005-01-17T08:00,-10.2
2005-01-17T08:15,-10.1
2005-01-17T08:30,-10
2005-01-17T08:45,-10
2005-01-17T09:00,-9.5
2005-01-17T09:15,-9.2
2005-01-17T09:30,-9.2
2005-01-17T09:45,-9
2005-01-17T10:00,-9.2
2005-01-17T10:15,-9.2
2005-01-17T10:30,-8.8
2005-01-17T10:45,-8.3
2005-01-17T11:00,-8.1
2005-01-17T11:15,-7.7
2005-01-17T11:30,-7.5
2005-01-17T11:45,-7.1
2005-01-17T12:00,-7
2005-01-17T12:15,-6.6
2005-01-17T12:30,-6.8
2005-01-17T12:45,-7
2005-01-17T13:00,-7.2
2005-01-17T13:15,-6.7
2005-01-17T13:30,-7.2
2005-01-17T13:45,-7.9
2005-01-17T14:00,-7.9
2005-01-17T14:15,-8.1
2005-01-17T14:30,-7.7
2005-01-17T14:45,-7.8
2005-01-17T15:00,-8.1
2005-01-17T15:15,-8.7
2005-01-17T15:30,-9
2005-01-17T15:45,-9.1
2005-01-17T16:00,-9
2005-01-17T16:15,-9.5
2005-01-17T16:30,-9.8
2005-01-17T16:45,-10
2005-01-17T17:00,-10.2
2005-01-17T17:15,-10.5
2005-01-17T17:30,-10.8
2005-01-17T17:45,-11
2005-01-17T18:00,-11.3
2005-01-17T18:15,-11.4
2005-01-17T18:30,-11.6
2005-01-17T18:45,-11.6
2005-01-17T19:00,-11.8
2005-01-17T19:15,-11.9
2005-01-17T19:30,-12.2
2005-01-17T19:45,-12.5
2005-01-17T20:00,-12.8
2005-01-17T20:15,-13.1
2005-01-17T20:30,-13.2
2005-01-17T20:45,-13.3
2005-01-17T21:00,-13.5
2005-01-17T21:15,-13.7
2005-01-17T21:30,-14
2005-01-17T21:45,-14.3
2005-01-17T22:00,-14.2
2005-01-17T22:15,-14.2
2005-01-17T22:30,-14.1
2005-01-17T22:45,-14.3
2005-01-17T23:00,-14.4
2005-01-17T23:15,-14.9
2005-01-17T23:30,-15.3
2005-01-17T23:45,-15.6
2005-01-17T24:00,-15.8
2005-01-18T00:15,-15.9
2005-01-18T00:30,-16.1
2005-01-18T00:45,-16.2
2005-01-18T01:00,-16.5
2005-01-18T01:15,-16.7
2005-01-18T01:30,-16.9
2005-01-18T01:45,-16.9
2005-01-18T02:00,-17
2005-01-18T02:15,-17.4
2005-01-18T02:30,-17.7
2005-01-18T02:45,-17.8
2005-01-18T03:00,-18
2005-01-18T03:15,-18.4
2005-01-18T03:30,-18.8
2005-01-18T03:45,-18.8
2005-01-18T04:00,-19
2005-01-18T04:15,-19.2
2005-01-18T04:30,-19
2005-01-18T04:45,-19
2005-01-18T05:00,-19
2005-01-18T05:15,-19.3
2005-01-18T05:30,-19.2
2005-01-18T05:45,-19.3
2005-01-18T06:00,-19.8
2005-01-18T06:15,-20
2005-01-18T06:30,-19.7
2005-01-18T06:45,-19.6
2005-01-18T07:00,-20.1
2005-01-18T07:15,-19.8
2005-01-18T07:30,-19.7
2005-01-18T07:45,-19.7
2005-01-18T08:00,-19.4
2005-01-18T08:15,-19
2005-01-18T08:30,-18.6
2005-01-18T08:45,-18.2
2005-01-18T09:00,-18.1
2005-01-18T09:15,-18
2005-01-18T09:30,-17.9
2005-01-18T09:45,-17.6
2005-01-18T10:00,-17.5
2005-01-18T10:15,-17.3
2005-01-18T10:30,-17
2005-01-18T10:45,-16.9
2005-01-18T11:00,-16.6
2005-01-18T11:15,-16.3
2005-01-18T11:30,-16.3
2005-01-18T11:45,-15.8
2005-01-18T12:00,-15.6
2005-01-18T12:15,-15.1
2005-01-18T12:30,-15.4
2005-01-18T12:45,-15.3
2005-01-18T13:00,-15.1
2005-01-18T13:15,-15
2005-01-18T13:30,-15.3
2005-01-18T13:45,-15
2005-01-18T14:00,-15
2005-01-18T14:15,-15
2005-01-18T14:30,-15
2005-01-18T14:45,-15.1
2005-01-18T15:00,-15.1
2005-01-18T15:15,-15.2
2005-01-18T15:30,-15.3
2005-01-18T15:45,-15.4
2005-01-18T16:00,-15.7
2005-01-18T16:15,-15.9
2005-01-18T16:30,-16.3
2005-01-18T16:45,-16.7
2005-01-18T17:00,-17
2005-01-18T17:15,-17.2
2005-01-18T17:30,-17.4
2005-01-18T17:45,-17.6
2005-01-18T18:00,-17.8
2005-01-18T18:15,-17.9
2005-01-18T18:30,-18.1
2005-01-18T18:45,-18.2
2005-01-18T19:00,-18.3
2005-01-18T19:15,-18.4
2005-01-18T19:30,-18.5
2005-01-18T19:45,-18.5
2005-01-18T20:00,-18.6
2005-01-18T20:15,-18.7
2005-01-18T20:30,-18.8
2005-01-18T20:45,-19.1
2005-01-18T21:00,-19.3
2005-01-18T21:15,-19.4
2005-01-18T21:30,-19.4
2005-01-18T21:45,-19.6
2005-01-18T22:00,-20.1
2005-01-18T22:15,-20
2005-01-18T22:30,-20
2005-01-18T22:45,-20.4
2005-01-18T23:00,-20.4
2005-01-18T23:15,-20.7
2005-01-18T23:30,-20.9
2005-01-18T23:45,-20.6
2005-01-18T24:00,-20.3
2005-01-19T00:15,-20.5
2005-01-19T00:30,-20.6
2005-01-19T00:45,-20.4
2005-01-19T01:00,-20.3
2005-01-19T01:15,-20.5
2005-01-19T01:30,-20.7
2005-01-19T01:45,-20.6
2005-01-19T02:00,-20.6
2005-01-19T02:15,-20.6
2005-01-19T02:30,-20.6
2005-01-19T02:45,-20.9
2005-01-19T03:00,-21.1
2005-01-19T03:15,-21
2005-01-19T03:30,-21.2
2005-01-19T03:45,-21.4
2005-01-19T04:00,-21.4
2005-01-19T04:15,-21.1
2005-01-19T04:30,-21.4
2005-01-19T04:45,-21.4
2005-01-19T05:00,-21.4
2005-01-19T05:15,-21.6
2005-01-19T05:30,-21.5
2005-01-19T05:45,-21.1
2005-01-19T06:00,-20.9
2005-01-19T06:15,-20.6
2005-01-19T06:30,-20.5
2005-01-19T06:45,-20.4
2005-01-19T07:00,-20.4
2005-01-19T07:15,-20.2
2005-01-19T07:30,-20
2005-01-19T07:45,-19.8
2005-01-19T08:00,-18.9
2005-01-19T08:15,-18.4
2005-01-19T08:30,-18.2
2005-01-19T08:45,-17.7
2005-01-19T09:00,-17.4
2005-01-19T09:15,-16.7
2005-01-19T09:30,-16.3
2005-01-19T09:45,-15.6
2005-01-19T10:00,-15
2005-01-19T10:15,-14.3
2005-01-19T10:30,-14.3
2005-01-19T10:45,-14.8
2005-01-19T11:00,-14.5
2005-01-19T11:15,-13.6
2005-01-19T11:30,-13.3
2005-01-19T11:45,-12.4
2005-01-19T12:00,-11.5
2005-01-19T12:15,-12.1
2005-01-19T12:30,-12.4
2005-01-19T12:45,-11.8
2005-01-19T13:00,-11.3
2005-01-19T13:15,-10.7
2005-01-19T13:30,-10.5
2005-01-19T13:45,-10.3
2005-01-19T14:00,-9.7
2005-01-19T14:15,-9.4
2005-01-19T14:30,-9.2
2005-01-19T14:45,-8.8
2005-01-19T15:00,-8.5
2005-01-19T15:15,-8.7
2005-01-19T15:30,-8.8
2005-01-19T15:45,-8.8
2005-01-19T16:00,-8.8
2005-01-19T16:15,-8.8
2005-01-19T16:30,-8.8
2005-01-19T16:45,-8.9
2005-01-19T17:00,-9
2005-01-19T17:15,-9.1
2005-01-19T17:30,-9.1
2005-01-19T17:45,-9.2
2005-01-19T18:00,-9.4
2005-01-19T18:15,-9.2
2005-01-19T18:30,-9.2
2005-01-19T18:45,-9.1
2005-01-19T19:00,-9.1
2005-01-19T19:15,-9
2005-01-19T19:30,-9
2005-01-19T19:45,-8.9
2005-01-19T20:00,-8.8
2005-01-19T20:15,-8.7
2005-01-19T20:30,-8.5
2005-01-19T20:45,-8.4
2005-01-19T21:00,-8.4
2005-01-19T21:15,-8.6
2005-01-19T21:30,-8.6
2005-01-19T21:45,-8.7
2005-01-19T22:00,-8.8
2005-01-19T22:15,-8.9
2005-01-19T22:30,-8.9
2005-01-19T22:45,-9
2005-01-19T23:00,-9
2005-01-19T23:15,-9.1
2005-01-19T23:30,-9.1
2005-01-19T23:45,-9.1
2005-01-19T24:00,-9.2
2005-01-20T00:15,-9.2
2005-01-20T00:30,-9.3
2005-01-20T00:45,-9.3
2005-01-20T01:00,-9.3
2005-01-20T01:15,-9.3
2005-01-20T01:30,-9.4
2005-01-20T01:45,-9.4
2005-01-20T02:00,-9.4
2005-01-20T02:15,-9.5
2005-01-20T02:30,-9.6
2005-01-20T02:45,-9.6
2005-01-20T03:00,-9.7
2005-01-20T03:15,-9.8
2005-01-20T03:30,-10.1
2005-01-20T03:45,-10.4
2005-01-20T04:00,-10.8
2005-01-20T04:15,-10.9
2005-01-20T04:30,-11.2
2005-01-20T04:45,-11.4
2005-01-20T05:00,-11.6
2005-01-20T05:15,-12
2005-01-20T05:30,-12.4
2005-01-20T05:45,-12.7
2005-01-20T06:00,-12.8
2005-01-20T06:15,-12.6
2005-01-20T06:30,-12.4
2005-01-20T06:45,-12.3
2005-01-20T07:00,-12.7
2005-01-20T07:15,-12.7
2005-01-20T07:30,-12.7
2005-01-20T07:45,-12.6
2005-01-20T08:00,-12.3
2005-01-20T08:15,-11.8
2005-01-20T08:30,-11
2005-01-20T08:45,-10.5
2005-01-20T09:00,-10.2
2005-01-20T09:15,-10
2005-01-20T09:30,-9.3
2005-01-20T09:45,-8.9
2005-01-20T10:00,-8.5
2005-01-20T10:15,-8.1
2005-01-20T10:30,-7.9
2005-01-20T10:45,-7.9
2005-01-20T11:00,-7.3
2005-01-20T11:15,-7.4
2005-01-20T11:30,-7.2
2005-01-20T11:45,-6.7
2005-01-20T12:00,-6.9
2005-01-20T12:15,-7.3
2005-01-20T12:30,-7.1
2005-01-20T12:45,-6.7
2005-01-20T13:00,-6.7
2005-01-20T13:15,-6.5
2005-01-20T13:30,-6.3
2005-01-20T13:45,-6.4
2005-01-20T14:00,-6
2005-01-20T14:15,-6.2
2005-01-20T14:30,-6.5
2005-01-20T14:45,-6.1
2005-01-20T15:00,-6.5
2005-01-20T15:15,-6.6
2005-01-20T15:30,-6.4
2005-01-20T15:45,-6.8
2005-01-20T16:00,-7.1
2005-01-20T16:15,-7.7
2005-01-20T16:30,-8.3
2005-01-20T16:45,-8.9
2005-01-20T17:00,-9.2
2005-01-20T17:15,-9.4
2005-01-20T17:30,-9.7
2005-01-20T17:45,-10.1
2005-01-20T18:00,-10.3
2005-01-20T18:15,-10.4
2005-01-20T18:30,-10.6
2005-01-20T18:45,-10.9
2005-01-20T19:00,-11.2
2005-01-20T19:15,-11.9
2005-01-20T19:30,-12
2005-01-20T19:45,-12
2005-01-20T20:00,-11.8
2005-01-20T20:15,-11.6
2005-01-20T20:30,-11.5
2005-01-20T20:45,-11.4
2005-01-20T21:00,-11.6
2005-01-20T21:15,-11.9
2005-01-20T21:30,-12.1
2005-01-20T21:45,-12.2
2005-01-20T22:00,-12.4
2005-01-20T22:15,-12.6
2005-01-20T22:30,-12.7
2005-01-20T22:45,-12.9
2005-01-20T23:00,-13.2
2005-01-20T23:15,-13.4
2005-01-20T23:30,-13.6
2005-01-20T23:45,-13.9
2005-01-20T24:00,-14.3
2005-01-21T00:15,-14.6
2005-01-21T00:30,-14.9
2005-01-21T00:45,-15.1
2005-01-21T01:00,-15.4
2005-01-21T01:15,-15.8
2005-01-21T01:30,-16.1
2005-01-21T01:45,-16.7
2005-01-21T02:00,-17.2
2005-01-21T02:15,-17.6
2005-01-21T02:30,-18
2005-01-21T02:45,-18.3
2005-01-21T03:00,-18.6
2005-01-21T03:15,-18.7
2005-01-21T03:30,-19
2005-01-21T03:45,-19.2
2005-01-21T04:00,-19.4
2005-01-21T04:15,-19.7
2005-01-21T04:30,-19.9
2005-01-21T04:45,-20.1
2005-01-21T05:00,-20.2
2005-01-21T05:15,-20.4
2005-01-21T05:30,-20.6
2005-01-21T05:45,-20.7
2005-01-21T06:00,-21
2005-01-21T06:15,-21.1
2005-01-21T06:30,-21.2
2005-01-21T06:45,-21.4
2005-01-21T07:00,-21.6
2005-01-21T07:15,-21.7
2005-01-21T07:30,-21.6
2005-01-21T07:45,-21.5
2005-01-21T08:00,-21.4
2005-01-21T08:15,-21.1
2005-01-21T08:30,-20.6
2005-01-21T08:45,-20.2
2005-01-21T09:00,-19.8
2005-01-21T09:15,-19.3
2005-01-21T09:30,-19
2005-01-21T09:45,-18.6
2005-01-21T10:00,-18.1
2005-01-21T10:15,-18
2005-01-21T10:30,-17.9
2005-01-21T10:45,-17.5
2005-01-21T11:00,-17.3
2005-01-21T11:15,-17.1
2005-01-21T11:30,-16.6
2005-01-21T11:45,-16.7
2005-01-21T12:00,-16.1
2005-01-21T12:15,-15.8
2005-01-21T12:30,-15.3
2005-01-21T12:45,-15.2
2005-01-21T13:00,-15.1
2005-01-21T13:15,-15.1
2005-01-21T13:30,-15.1
2005-01-21T13:45,-14.8
2005-01-21T14:00,-14.4
2005-01-21T14:15,-14.4
2005-01-21T14:30,-14.7
2005-01-21T14:45,-14.6
2005-01-21T15:00,-14.3
2005-01-21T15:15,-14.6
2005-01-21T15:30,-14.9
2005-01-21T15:45,-15.1
2005-01-21T16:00,-15.3
2005-01-21T16:15,-16
2005-01-21T16:30,-16.5
2005-01-21T16:45,-16.9
2005-01-21T17:00,-17.2
2005-01-21T17:15,-17.6
2005-01-21T17:30,-18
2005-01-21T17:45,-18.3
2005-01-21T18:00,-18.4
2005-01-21T18:15,-18.5
2005-01-21T18:30,-18.6
2005-01-21T18:45,-18.7
2005-01-21T19:00,-18.9
2005-01-21T19:15,-19
2005-01-21T19:30,-19.2
2005-01-21T19:45,-19.4
2005-01-21T20:00,-19.5
2005-01-21T20:15,-19.7
2005-01-21T20:30,-19.9
2005-01-21T20:45,-20.3
2005-01-21T21:00,-20.3
2005-01-21T21:15,-20.1
2005-01-21T21:30,-20.1
2005-01-21T21:45,-20.3
2005-01-21T22:00,-20.5
2005-01-21T22:15,-20.4
2005-01-21T22:30,-20.4
2005-01-21T22:45,-20.7
2005-01-21T23:00,-21
2005-01-21T23:15,-21.2
2005-01-21T23:30,-21.3
2005-01-21T23:45,-21.3
2005-01-21T24:00,-21.4
2005-01-22T00:15,-21.6
2005-01-22T00:30,-21.8
2005-01-22T00:45,-21.9
2005-01-22T01:00,-22.1
2005-01-22T01:15,-22.2
2005-01-22T01:30,-22.4
2005-01-22T01:45,-22.6
2005-01-22T02:00,-22.6
2005-01-22T02:15,-22.6
2005-01-22T02:30,-22.8
2005-01-22T02:45,-23.1
2005-01-22T03:00,-23.1
2005-01-22T03:15,-23.1
2005-01-22T03:30,-22.8
2005-01-22T03:45,-22.9
2005-01-22T04:00,-22.7
2005-01-22T04:15,-22.8
2005-01-22T04:30,-23
2005-01-22T04:45,-23.4
2005-01-22T05:00,-23.5
2005-01-22T05:15,-23.5
2005-01-22T05:30,-23.4
2005-01-22T05:45,-23.4
2005-01-22T06:00,-23.5
2005-01-22T06:15,-23.7
2005-01-22T06:30,-23.8
2005-01-22T06:45,-24
2005-01-22T07:00,-24
2005-01-22T07:15,-24.2
2005-01-22T07:30,-24.7
2005-01-22T07:45,-24.5
2005-01-22T08:00,-24.5
2005-01-22T08:15,-23.9
2005-01-22T08:30,-22.9
2005-01-22T08:45,-22.3
2005-01-22T09:00,-21.9
2005-01-22T09:15,-21.2
2005-01-22T09:30,-20.5
2005-01-22T09:45,-20.3
2005-01-22T10:00,-19
2005-01-22T10:15,-18.2
2005-01-22T10:30,-17
2005-01-22T10:45,-15.7
2005-01-22T11:00,-14.4
2005-01-22T11:15,-14.4
2005-01-22T11:30,-14.1
2005-01-22T11:45,-13.5
2005-01-22T12:00,-13.2
2005-01-22T12:15,-13.2
2005-01-22T12:30,-13.3
2005-01-22T12:45,-13.4
2005-01-22T13:00,-13.3
2005-01-22T13:15,-13.2
2005-01-22T13:30,-13
2005-01-22T13:45,-13
2005-01-22T14:00,-12.9
2005-01-22T14:15,-13.1
2005-01-22T14:30,-12.9
2005-01-22T14:45,-13
2005-01-22T15:00,-12.9
2005-01-22T15:15,-13
2005-01-22T15:30,-13.2
2005-01-22T15:45,-13.4
2005-01-22T16:00,-13.5
2005-01-22T16:15,-14.1
2005-01-22T16:30,-14.4
2005-01-22T16:45,-14.3
2005-01-22T17:00,-14.2
2005-01-22T17:15,-14.1
2005-01-22T17:30,-13.9
2005-01-22T17:45,-13.7
2005-01-22T18:00,-13.4
2005-01-22T18:15,-13.2
2005-01-22T18:30,-13.1
2005-01-22T18:45,-12.9
2005-01-22T19:00,-12.8
2005-01-22T19:15,-12.9
2005-01-22T19:30,-12.9
2005-01-22T19:45,-13
2005-01-22T20:00,-13
2005-01-22T20:15,-12.8
2005-01-22T20:30,-12.6
2005-01-22T20:45,-12.5
2005-01-22T21:00,-12.1
2005-01-22T21:15,-11.7
2005-01-22T21:30,-11.4
2005-01-22T21:45,-11.4
2005-01-22T22:00,-11.4
2005-01-22T22:15,-11.4
2005-01-22T22:30,-11.4
2005-01-22T22:45,-11.4
2005-01-22T23:00,-11.4
2005-01-22T23:15,-11.6
2005-01-22T23:30,-11.7
2005-01-22T23:45,-11.7
2005-01-22T24:00,-11.7
2005-01-23T00:15,-11.6
2005-01-23T00:30,-11.8
2005-01-23T00:45,-12
2005-01-23T01:00,-12.2
2005-01-23T01:15,-12.2
2005-01-23T01:30,-12
2005-01-23T01:45,-12.2
2005-01-23T02:00,-12.7
2005-01-23T02:15,-13
2005-01-23T02:30,-13
2005-01-23T02:45,-13.2
2005-01-23T03:00,-13.4
2005-01-23T03:15,-13.6
2005-01-23T03:30,-13.7
2005-01-23T03:45,-13.4
2005-01-23T04:00,-13.1
2005-01-23T04:15,-13
2005-01-23T04:30,-13.4
2005-01-23T04:45,-13.6
2005-01-23T05:00,-14.2
2005-01-23T05:15,-14.5
2005-01-23T05:30,-14.5
2005-01-23T05:45,-14.3
2005-01-23T06:00,-14.1
2005-01-23T06:15,-14
2005-01-23T06:30,-14.1
2005-01-23T06:45,-14.2
2005-01-23T07:00,-14.3
2005-01-23T07:15,-14.2
2005-01-23T07:30,-14.1
2005-01-23T07:45,-14.1
2005-01-23T08:00,-14.1
2005-01-23T08:15,-14.2
2005-01-23T08:30,-14.1
2005-01-23T08:45,-14.1
2005-01-23T09:00,-14.1
2005-01-23T09:15,-14
2005-01-23T09:30,-14
2005-01-23T09:45,-13.9
2005-01-23T10:00,-13.8
2005-01-23T10:15,-13.5
2005-01-23T10:30,-12.9
2005-01-23T10:45,-11.9
2005-01-23T11:00,-11.9
2005-01-23T11:15,-11.6
2005-01-23T11:30,-11.2
2005-01-23T11:45,-11.3
2005-01-23T12:00,-11.3
2005-01-23T12:15,-11.3
2005-01-23T12:30,-11.5
2005-01-23T12:45,-11.5
2005-01-23T13:00,-12
2005-01-23T13:15,-12.2
2005-01-23T13:30,-12.1
2005-01-23T13:45,-12.4
2005-01-23T14:00,-12
2005-01-23T14:15,-11.2
2005-01-23T14:30,-10.8
2005-01-23T14:45,-11.2
2005-01-23T15:00,-11.6
2005-01-23T15:15,-11.4
2005-01-23T15:30,-11.7
2005-01-23T15:45,-12.1
2005-01-23T16:00,-12.4
2005-01-23T16:15,-12.6
2005-01-23T16:30,-12.9
2005-01-23T16:45,-13.4
2005-01-23T17:00,-14.1
2005-01-23T17:15,-14.6
2005-01-23T17:30,-15
2005-01-23T17:45,-15.4
2005-01-23T18:00,-15.8
2005-01-23T18:15,-16
2005-01-23T18:30,-16.3
2005-01-23T18:45,-16.5
2005-01-23T19:00,-16.9
2005-01-23T19:15,-17.1
2005-01-23T19:30,-17.5
2005-01-23T19:45,-17.8
2005-01-23T20:00,-18.1
2005-01-23T20:15,-18.3
2005-01-23T20:30,-18.6
2005-01-23T20:45,-18.8
2005-01-23T21:00,-18.9
2005-01-23T21:15,-19
2005-01-23T21:30,-18.9
2005-01-23T21:45,-19
2005-01-23T22:00,-18.9
2005-01-23T22:15,-19
2005-01-23T22:30,-19
2005-01-23T22:45,-18.9
2005-01-23T23:00,-18.9
2005-01-23T23:15,-18.9
2005-01-23T23:30,-19
2005-01-23T23:45,-19.2
2005-01-23T24:00,-19.2
2005-01-24T00:15,-19.6
2005-01-24T00:30,-19.6
2005-01-24T00:45,-19.8
2005-01-24T01:00,-19.9
2005-01-24T01:15,-20
2005-01-24T01:30,-20
2005-01-24T01:45,-20.4
2005-01-24T02:00,-21.2
2005-01-24T02:15,-21.3
2005-01-24T02:30,-21.3
2005-01-24T02:45,-21.6
2005-01-24T03:00,-21.4
2005-01-24T03:15,-21.5
2005-01-24T03:30,-21
2005-01-24T03:45,-21
2005-01-24T04:00,-20.9
2005-01-24T04:15,-20.6
2005-01-24T04:30,-20.4
2005-01-24T04:45,-20.2
2005-01-24T05:00,-20.1
2005-01-24T05:15,-20
2005-01-24T05:30,-20.2
2005-01-24T05:45,-20.3
2005-01-24T06:00,-20.5
2005-01-24T06:15,-20.7
2005-01-24T06:30,-20.4
2005-01-24T06:45,-20.1
2005-01-24T07:00,-19.9
2005-01-24T07:15,-20.3
2005-01-24T07:30,-20.5
2005-01-24T07:45,-20.5
2005-01-24T08:00,-20.6
2005-01-24T08:15,-20
2005-01-24T08:30,-18.8
2005-01-24T08:45,-18.7
2005-01-24T09:00,-18.3
2005-01-24T09:15,-17.9
2005-01-24T09:30,-17.1
2005-01-24T09:45,-15.9
2005-01-24T10:00,-15.3
2005-01-24T10:15,-14.5
2005-01-24T10:30,-14.2
2005-01-24T10:45,-13.7
2005-01-24T11:00,-13.4
2005-01-24T11:15,-12.3
2005-01-24T11:30,-11.6
2005-01-24T11:45,-11
2005-01-24T12:00,-10.6
2005-01-24T12:15,-9.9
2005-01-24T12:30,-9.3
2005-01-24T12:45,-8.4
2005-01-24T13:00,-8.6
2005-01-24T13:15,-8.7
2005-01-24T13:30,-8.4
2005-01-24T13:45,-8
2005-01-24T14:00,-8.1
2005-01-24T14:15,-8.5
2005-01-24T14:30,-8.6
2005-01-24T14:45,-8.7
2005-01-24T15:00,-8.8
2005-01-24T15:15,-9.1
2005-01-24T15:30,-9.1
2005-01-24T15:45,-9.1
2005-01-24T16:00,-9.2
2005-01-24T16:15,-9.2
2005-01-24T16:30,-9.2
2005-01-24T16:45,-9.4
2005-01-24T17:00,-9.7
2005-01-24T17:15,-9.9
2005-01-24T17:30,-10.1
2005-01-24T17:45,-10.2
2005-01-24T18:00,-10.4
2005-01-24T18:15,-10.9
2005-01-24T18:30,-11.2
2005-01-24T18:45,-10.8
2005-01-24T19:00,-10.6
2005-01-24T19:15,-11
2005-01-24T19:30,-11
2005-01-24T19:45,-11
2005-01-24T20:00,-10.6
2005-01-24T20:15,-10.6
2005-01-24T20:30,-11
2005-01-24T20:45,-11.3
2005-01-24T21:00,-11.2
2005-01-24T21:15,-11.2
2005-01-24T21:30,-11.4
2005-01-24T21:45,-11.7
2005-01-24T22:00,-11.9
2005-01-24T22:15,-11.6
2005-01-24T22:30,-11.9
2005-01-24T22:45,-12.1
2005-01-24T23:00,-11.6
2005-01-24T23:15,-11.5
2005-01-24T23:30,-11.4
2005-01-24T23:45,-11.4
2005-01-24T24:00,-11.3
2005-01-25T00:15,-11.3
2005-01-25T00:30,-11.5
2005-01-25T00:45,-12.3
2005-01-25T01:00,-12.5
2005-01-25T01:15,-12.7
2005-01-25T01:30,-12.8
2005-01-25T01:45,-12.8
2005-01-25T02:00,-13.1
2005-01-25T02:15,-13.3
2005-01-25T02:30,-13.5
2005-01-25T02:45,-13.7
2005-01-25T03:00,-13.3
2005-01-25T03:15,-12.4
2005-01-25T03:30,-12
2005-01-25T03:45,-12.2
2005-01-25T04:00,-12.4
2005-01-25T04:15,-13.1
2005-01-25T04:30,-13.6
2005-01-25T04:45,-13.9
2005-01-25T05:00,-14
2005-01-25T05:15,-13.4
2005-01-25T05:30,-13.5
2005-01-25T05:45,-13.9
2005-01-25T06:00,-13.9
2005-01-25T06:15,-13.8
2005-01-25T06:30,-13.8
2005-01-25T06:45,-14.3
2005-01-25T07:00,-13.8
2005-01-25T07:15,-12.2
2005-01-25T07:30,-11.5
2005-01-25T07:45,-11.8
2005-01-25T08:00,-11.7
2005-01-25T08:15,-11.2
2005-01-25T08:30,-10.9
2005-01-25T08:45,-10.6
2005-01-25T09:00,-10.3
2005-01-25T09:15,-10.3
2005-01-25T09:30,-10.2
2005-01-25T09:45,-9.9
2005-01-25T10:00,-9.8
2005-01-25T10:15,-9.6
2005-01-25T10:30,-9.1
2005-01-25T10:45,-8.4
2005-01-25T11:00,-8.3
2005-01-25T11:15,-7.9
2005-01-25T11:30,-7.4
2005-01-25T11:45,-7.6
2005-01-25T12:00,-7.2
2005-01-25T12:15,-7.1
2005-01-25T12:30,-7.1
2005-01-25T12:45,-6.8
2005-01-25T13:00,-6.6
2005-01-25T13:15,-6.1
2005-01-25T13:30,-6.4
2005-01-25T13:45,-6.1
2005-01-25T14:00,-6
2005-01-25T14:15,-5.9
2005-01-25T14:30,-6
2005-01-25T14:45,-6
2005-01-25T15:00,-5.9
2005-01-25T15:15,-6
2005-01-25T15:30,-5.8
2005-01-25T15:45,-6.3
2005-01-25T16:00,-6.6
2005-01-25T16:15,-7
2005-01-25T16:30,-7.1
2005-01-25T16:45,-7.4
2005-01-25T17:00,-7.8
2005-01-25T17:15,-8
2005-01-25T17:30,-8.2
2005-01-25T17:45,-8.3
2005-01-25T18:00,-8.4
2005-01-25T18:15,-8.4
2005-01-25T18:30,-8.5
2005-01-25T18:45,-8.6
2005-01-25T19:00,-8.7
2005-01-25T19:15,-8.8
2005-01-25T19:30,-9.1
2005-01-25T19:45,-9.3
2005-01-25T20:00,-9.5
2005-01-25T20:15,-9.6
2005-01-25T20:30,-9.5
2005-01-25T20:45,-9.5
2005-01-25T21:00,-9.6
2005-01-25T21:15,-9.7
2005-01-25T21:30,-9.7
2005-01-25T21:45,-9.8
2005-01-25T22:00,-9.7
2005-01-25T22:15,-9.8
2005-01-25T22:30,-9.8
2005-01-25T22:45,-9.8
2005-01-25T23:00,-9.8
2005-01-25T23:15,-9.7
2005-01-25T23:30,-9.7
2005-01-25T23:45,-9.6
2005-01-25T24:00,-9.7
2005-01-26T00:15,-9.8
2005-01-26T00:30,-9.8
2005-01-26T00:45,-9.8
2005-01-26T01:00,-9.8
2005-01-26T01:15,-9.6
2005-01-26T01:30,-9.6
2005-01-26T01:45,-9.5
2005-01-26T02:00,-9.6
2005-01-26T02:15,-9.5
2005-01-26T02:30,-9.4
2005-01-26T02:45,-9.4
2005-01-26T03:00,-9.6
2005-01-26T03:15,-10.1
2005-01-26T03:30,-10.6
2005-01-26T03:45,-10.8
2005-01-26T04:00,-10.9
2005-01-26T04:15,-10.9
2005-01-26T04:30,-11
2005-01-26T04:45,-11
2005-01-26T05:00,-10.9
2005-01-26T05:15,-10.9
2005-01-26T05:30,-10.9
2005-01-26T05:45,-11
2005-01-26T06:00,-11
2005-01-26T06:15,-11
2005-01-26T06:30,-10.9
2005-01-26T06:45,-10.8
2005-01-26T07:00,-10.7
2005-01-26T07:15,-10.6
2005-01-26T07:30,-10.6
2005-01-26T07:45,-10.4
2005-01-26T08:00,-10.3
2005-01-26T08:15,-10.3
2005-01-26T08:30,-10.2
2005-01-26T08:45,-10.2
2005-01-26T09:00,-10.2
2005-01-26T09:15,-10.1
2005-01-26T09:30,-9.9
2005-01-26T09:45,-9.8
2005-01-26T10:00,-9.6
2005-01-26T10:15,-9.5
2005-01-26T10:30,-9.6
2005-01-26T10:45,-9.4
2005-01-26T11:00,-9.1
2005-01-26T11:15,-9
2005-01-26T11:30,-9.1
2005-01-26T11:45,-8.9
2005-01-26T12:00,-8.7
2005-01-26T12:15,-8.6
2005-01-26T12:30,-8.5
2005-01-26T12:45,-8.4
2005-01-26T13:00,-8.3
2005-01-26T13:15,-8.1
2005-01-26T13:30,-8.2
2005-01-26T13:45,-8.5
2005-01-26T14:00,-9
2005-01-26T14:15,-9.3
2005-01-26T14:30,-9.4
2005-01-26T14:45,-9.5
2005-01-26T15:00,-9.4
2005-01-26T15:15,-9.4
2005-01-26T15:30,-9.4
2005-01-26T15:45,-9.4
2005-01-26T16:00,-9.6
2005-01-26T16:15,-9.6
2005-01-26T16:30,-9.6
2005-01-26T16:45,-9.7
2005-01-26T17:00,-9.8
2005-01-26T17:15,-9.8
2005-01-26T17:30,-9.9
2005-01-26T17:45,-9.9
2005-01-26T18:00,-10
2005-01-26T18:15,-10
2005-01-26T18:30,-10.1
2005-01-26T18:45,-10.1
2005-01-26T19:00,-10.1
2005-01-26T19:15,-10.1
2005-01-26T19:30,-10.1
2005-01-26T19:45,-10.2
2005-01-26T20:00,-10.3
2005-01-26T20:15,-10.3
2005-01-26T20:30,-10.3
2005-01-26T20:45,-10.4
2005-01-26T21:00,-10.5
2005-01-26T21:15,-10.7
2005-01-26T21:30,-11.1
2005-01-26T21:45,-11.3
2005-01-26T22:00,-11.3
2005-01-26T22:15,-11.3
2005-01-26T22:30,-11.3
2005-01-26T22:45,-11.4
2005-01-26T23:00,-11.6
2005-01-26T23:15,-11.8
2005-01-26T23:30,-12.1
2005-01-26T23:45,-12.4
2005-01-26T24:00,-12.8
2005-01-27T00:15,-13.1
2005-01-27T00:30,-13.5
2005-01-27T00:45,-13.9
2005-01-27T01:00,-14.1
2005-01-27T01:15,-14.4
2005-01-27T01:30,-14.6
2005-01-27T01:45,-14.7
2005-01-27T02:00,-14.9
2005-01-27T02:15,-15
2005-01-27T02:30,-15.3
2005-01-27T02:45,-15.5
2005-01-27T03:00,-15.8
2005-01-27T03:15,-16.1
2005-01-27T03:30,-16.4
2005-01-27T03:45,-16.6
2005-01-27T04:00,-16.9
2005-01-27T04:15,-17.2
2005-01-27T04:30,-17.5
2005-01-27T04:45,-17.8
2005-01-27T05:00,-18.1
2005-01-27T05:15,-18.3
2005-01-27T05:30,-18.5
2005-01-27T05:45,-18.7
2005-01-27T06:00,-18.9
2005-01-27T06:15,-19.1
2005-01-27T06:30,-19.3
2005-01-27T06:45,-19.5
2005-01-27T07:00,-19.6
2005-01-27T07:15,-19.7
2005-01-27T07:30,-19.8
2005-01-27T07:45,-19.9
2005-01-27T08:00,-19.9
2005-01-27T08:15,-19.4
2005-01-27T08:30,-18.9
2005-01-27T08:45,-18.9
2005-01-27T09:00,-18.5
2005-01-27T09:15,-18.1
2005-01-27T09:30,-17.8
2005-01-27T09:45,-17.7
2005-01-27T10:00,-17.5
2005-01-27T10:15,-17.2
2005-01-27T10:30,-16.5
2005-01-27T10:45,-16
2005-01-27T11:00,-15.6
2005-01-27T11:15,-15.3
2005-01-27T11:30,-15.2
2005-01-27T11:45,-14.9
2005-01-27T12:00,-14.3
2005-01-27T12:15,-14.5
2005-01-27T12:30,-14.2
2005-01-27T12:45,-13.8
2005-01-27T13:00,-13.3
2005-01-27T13:15,-13
2005-01-27T13:30,-12.8
2005-01-27T13:45,-12.7
2005-01-27T14:00,-12.4
2005-01-27T14:15,-12.5
2005-01-27T14:30,-12.5
2005-01-27T14:45,-12.2
2005-01-27T15:00,-12.4
2005-01-27T15:15,-12.3
2005-01-27T15:30,-12.3
2005-01-27T15:45,-12.3
2005-01-27T16:00,-12.4
2005-01-27T16:15,-12.8
2005-01-27T16:30,-13.2
2005-01-27T16:45,-13.4
2005-01-27T17:00,-13.9
2005-01-27T17:15,-14.2
2005-01-27T17:30,-14.8
2005-01-27T17:45,-14.9
2005-01-27T18:00,-15.2
2005-01-27T18:15,-15.6
2005-01-27T18:30,-16
2005-01-27T18:45,-16.6
2005-01-27T19:00,-17
2005-01-27T19:15,-16.8
2005-01-27T19:30,-16.7
2005-01-27T19:45,-16.8
2005-01-27T20:00,-16.9
2005-01-27T20:15,-17
2005-01-27T20:30,-17.1
2005-01-27T20:45,-17.3
2005-01-27T21:00,-17.3
2005-01-27T21:15,-17.3
2005-01-27T21:30,-17.6
2005-01-27T21:45,-17.7
2005-01-27T22:00,-17.8
2005-01-27T22:15,-17.9
2005-01-27T22:30,-18
2005-01-27T22:45,-18.1
2005-01-27T23:00,-18.4
2005-01-27T23:15,-18.4
2005-01-27T23:30,-18.5
2005-01-27T23:45,-18.6
2005-01-27T24:00,-18.8
2005-01-28T00:15,-19
2005-01-28T00:30,-19.1
2005-01-28T00:45,-19.2
2005-01-28T01:00,-19.3
2005-01-28T01:15,-19.4
2005-01-28T01:30,-19.6
2005-01-28T01:45,-19.7
2005-01-28T02:00,-19.9
2005-01-28T02:15,-20.1
2005-01-28T02:30,-20.3
2005-01-28T02:45,-20.6
2005-01-28T03:00,-20.8
2005-01-28T03:15,-20.8
2005-01-28T03:30,-20.9
2005-01-28T03:45,-21.3
2005-01-28T04:00,-21.3
2005-01-28T04:15,-20.9
2005-01-28T04:30,-20.9
2005-01-28T04:45,-20.8
2005-01-28T05:00,-20.9
2005-01-28T05:15,-20.7
2005-01-28T05:30,-20.8
2005-01-28T05:45,-20.2
2005-01-28T06:00,-20
2005-01-28T06:15,-20
2005-01-28T06:30,-20.2
2005-01-28T06:45,-20.2
2005-01-28T07:00,-20.5
2005-01-28T07:15,-20.4
2005-01-28T07:30,-20.3
2005-01-28T07:45,-20.3
2005-01-28T08:00,-20
2005-01-28T08:15,-19.4
2005-01-28T08:30,-18.6
2005-01-28T08:45,-17.8
2005-01-28T09:00,-17.5
2005-01-28T09:15,-17.3
2005-01-28T09:30,-16.7
2005-01-28T09:45,-16
2005-01-28T10:00,-15.4
2005-01-28T10:15,-14.8
2005-01-28T10:30,-14.1
2005-01-28T10:45,-13.2
2005-01-28T11:00,-12.6
2005-01-28T11:15,-12.4
2005-01-28T11:30,-12.6
2005-01-28T11:45,-11.7
2005-01-28T12:00,-11.1
2005-01-28T12:15,-10.5
2005-01-28T12:30,-10.5
2005-01-28T12:45,-9.7
2005-01-28T13:00,-9.3
2005-01-28T13:15,-9.3
2005-01-28T13:30,-8.8
2005-01-28T13:45,-8.1
2005-01-28T14:00,-7.9
2005-01-28T14:15,-7.4
2005-01-28T14:30,-7.7
2005-01-28T14:45,-7.2
2005-01-28T15:00,-7.2
2005-01-28T15:15,-7.6
2005-01-28T15:30,-7.5
2005-01-28T15:45,-7.2
2005-01-28T16:00,-7
2005-01-28T16:15,-7.6
2005-01-28T16:30,-7.9
2005-01-28T16:45,-8.2
2005-01-28T17:00,-9.1
2005-01-28T17:15,-10.1
2005-01-28T17:30,-10.9
2005-01-28T17:45,-11.6
2005-01-28T18:00,-12
2005-01-28T18:15,-12.2
2005-01-28T18:30,-12
2005-01-28T18:45,-12
2005-01-28T19:00,-12.4
2005-01-28T19:15,-12.7
2005-01-28T19:30,-11.7
2005-01-28T19:45,-11.2
2005-01-28T20:00,-11.3
2005-01-28T20:15,-11.6
2005-01-28T20:30,-12.1
2005-01-28T20:45,-11.9
2005-01-28T21:00,-12
2005-01-28T21:15,-12
2005-01-28T21:30,-12.4
2005-01-28T21:45,-12.5
2005-01-28T22:00,-12.7
2005-01-28T22:15,-12.7
2005-01-28T22:30,-12.6
2005-01-28T22:45,-12.6
2005-01-28T23:00,-12.9
2005-01-28T23:15,-13.9
2005-01-28T23:30,-13.8
2005-01-28T23:45,-13.3
2005-01-28T24:00,-13.3
2005-01-29T00:15,-13.4
2005-01-29T00:30,-13.5
2005-01-29T00:45,-13.2
2005-01-29T01:00,-13.4
2005-01-29T01:15,-14.1
2005-01-29T01:30,-13.7
2005-01-29T01:45,-13.4
2005-01-29T02:00,-13.7
2005-01-29T02:15,-14
2005-01-29T02:30,-14.1
2005-01-29T02:45,-14.1
2005-01-29T03:00,-13.5
2005-01-29T03:15,-13.3
2005-01-29T03:30,-13.5
2005-01-29T03:45,-13.2
2005-01-29T04:00,-13.1
2005-01-29T04:15,-14.7
2005-01-29T04:30,-14.9
2005-01-29T04:45,-15.2
2005-01-29T05:00,-15.1
2005-01-29T05:15,-15.8
2005-01-29T05:30,-15.7
2005-01-29T05:45,-16.1
2005-01-29T06:00,-15.9
2005-01-29T06:15,-16
2005-01-29T06:30,-16.4
2005-01-29T06:45,-16.5
2005-01-29T07:00,-16.6
2005-01-29T07:15,-16.2
2005-01-29T07:30,-15.6
2005-01-29T07:45,-14.8
2005-01-29T08:00,-14.2
2005-01-29T08:15,-12.7
2005-01-29T08:30,-11.5
2005-01-29T08:45,-10.7
2005-01-29T09:00,-10.4
2005-01-29T09:15,-10.3
2005-01-29T09:30,-9.8
2005-01-29T09:45,-8.6
2005-01-29T10:00,-8.1
2005-01-29T10:15,-6.8
2005-01-29T10:30,-6.8
2005-01-29T10:45,-6.4
2005-01-29T11:00,-5.9
2005-01-29T11:15,-5.3
2005-01-29T11:30,-4.6
2005-01-29T11:45,-3.4
2005-01-29T12:00,-2.9
2005-01-29T12:15,-3
2005-01-29T12:30,-2.4
2005-01-29T12:45,-2
2005-01-29T13:00,-1.5
2005-01-29T13:15,-1.2
2005-01-29T13:30,-0.9
2005-01-29T13:45,-0.5
2005-01-29T14:00,-0.1
2005-01-29T14:15,0.2
2005-01-29T14:30,0.1
2005-01-29T14:45,0.4
2005-01-29T15:00,0.6
2005-01-29T15:15,0.5
2005-01-29T15:30,0.5
2005-01-29T15:45,0.2
2005-01-29T16:00,-0.6
2005-01-29T16:15,-1.3
2005-01-29T16:30,-1.9
2005-01-29T16:45,-2.5
2005-01-29T17:00,-3
2005-01-29T17:15,-3.4
2005-01-29T17:30,-3.7
2005-01-29T17:45,-4.1
2005-01-29T18:00,-4.2
2005-01-29T18:15,-4.3
2005-01-29T18:30,-4.3
2005-01-29T18:45,-4.3
2005-01-29T19:00,-4.7
2005-01-29T19:15,-4.9
2005-01-29T19:30,-5.3
2005-01-29T19:45,-5.7
2005-01-29T20:00,-5.7
2005-01-29T20:15,-5.6
2005-01-29T20:30,-5.4
2005-01-29T20:45,-5.2
2005-01-29T21:00,-5
2005-01-29T21:15,-4.9
2005-01-29T21:30,-4.8
2005-01-29T21:45,-4.9
2005-01-29T22:00,-4.9
2005-01-29T22:15,-5
2005-01-29T22:30,-4.9
2005-01-29T22:45,-4.7
2005-01-29T23:00,-4.8
2005-01-29T23:15,-4.8
2005-01-29T23:30,-4.7
2005-01-29T23:45,-4.9
2005-01-29T24:00,-5
2005-01-30T00:15,-5
2005-01-30T00:30,-5.1
2005-01-30T00:45,-5.2
2005-01-30T01:00,-5.3
2005-01-30T01:15,-5.5
2005-01-30T01:30,-5.8
2005-01-30T01:45,-5.9
2005-01-30T02:00,-6
2005-01-30T02:15,-6
2005-01-30T02:30,-6.1
2005-01-30T02:45,-6.1
2005-01-30T03:00,-6.1
2005-01-30T03:15,-6.1
2005-01-30T03:30,-6.1
2005-01-30T03:45,-6.2
2005-01-30T04:00,-6.3
2005-01-30T04:15,-6.3
2005-01-30T04:30,-6.3
2005-01-30T04:45,-6.3
2005-01-30T05:00,-6.2
2005-01-30T05:15,-6.2
2005-01-30T05:30,-6.3
2005-01-30T05:45,-6.4
2005-01-30T06:00,-6.4
2005-01-30T06:15,-6.5
2005-01-30T06:30,-6.6
2005-01-30T06:45,-6.8
2005-01-30T07:00,-7.1
2005-01-30T07:15,-7.2
2005-01-30T07:30,-7.2
2005-01-30T07:45,-7
2005-01-30T08:00,-6.8
2005-01-30T08:15,-5.9
2005-01-30T08:30,-5.8
2005-01-30T08:45,-5.9
2005-01-30T09:00,-5.8
2005-01-30T09:15,-5.4
2005-01-30T09:30,-4.3
2005-01-30T09:45,-3.8
2005-01-30T10:00,-3.8
2005-01-30T10:15,-3.3
2005-01-30T10:30,-3
2005-01-30T10:45,-2.3
2005-01-30T11:00,-1.8
2005-01-30T11:15,-0.6
2005-01-30T11:30,0
2005-01-30T11:45,0
2005-01-30T12:00,-0.1
2005-01-30T12:15,-0.2
2005-01-30T12:30,0.4
2005-01-30T12:45,0.5
2005-01-30T13:00,0.8
2005-01-30T13:15,0.7
2005-01-30T13:30,1.4
2005-01-30T13:45,1.9
2005-01-30T14:00,2.2
2005-01-30T14:15,2.4
2005-01-30T14:30,2
2005-01-30T14:45,1.7
2005-01-30T15:00,1.5
2005-01-30T15:15,1.5
2005-01-30T15:30,1.2
2005-01-30T15:45,1.4
2005-01-30T16:00,1
2005-01-30T16:15,0.3
2005-01-30T16:30,-0.3
2005-01-30T16:45,-0.8
2005-01-30T17:00,-1.3
2005-01-30T17:15,-1.6
2005-01-30T17:30,-1.9
2005-01-30T17:45,-2.3
2005-01-30T18:00,-2.7
2005-01-30T18:15,-2.7
2005-01-30T18:30,-2.5
2005-01-30T18:45,-2.5
2005-01-30T19:00,-2.7
2005-01-30T19:15,-2.8
2005-01-30T19:30,-3.1
2005-01-30T19:45,-3.2
2005-01-30T20:00,-3.3
2005-01-30T20:15,-3.4
2005-01-30T20:30,-3.7
2005-01-30T20:45,-4
2005-01-30T21:00,-4.5
2005-01-30T21:15,-5.1
2005-01-30T21:30,-5
2005-01-30T21:45,-4.9
2005-01-30T22:00,-5.4
2005-01-30T22:15,-5.9
2005-01-30T22:30,-6.4
2005-01-30T22:45,-6.2
2005-01-30T23:00,-6.6
2005-01-30T23:15,-6.4
2005-01-30T23:30,-6.3
2005-01-30T23:45,-6.8
2005-01-30T24:00,-7
2005-01-31T00:15,-7.1
2005-01-31T00:30,-7.4
2005-01-31T00:45,-7.6
2005-01-31T01:00,-7.7
2005-01-31T01:15,-7.9
2005-01-31T01:30,-8.1
2005-01-31T01:45,-8.3
2005-01-31T02:00,-8.6
2005-01-31T02:15,-8.9
2005-01-31T02:30,-9.1
2005-01-31T02:45,-9.3
2005-01-31T03:00,-9.5
2005-01-31T03:15,-9.6
2005-01-31T03:30,-10.2
2005-01-31T03:45,-10.3
2005-01-31T04:00,-10.6
2005-01-31T04:15,-10.8
2005-01-31T04:30,-11
2005-01-31T04:45,-11.2
2005-01-31T05:00,-10.6
2005-01-31T05:15,-9.5
2005-01-31T05:30,-9.3
2005-01-31T05:45,-9.5
2005-01-31T06:00,-9.2
2005-01-31T06:15,-9.3
2005-01-31T06:30,-9.6
2005-01-31T06:45,-9.6
2005-01-31T07:00,-10.5
2005-01-31T07:15,-10.7
2005-01-31T07:30,-10.3
2005-01-31T07:45,-10.2
2005-01-31T08:00,-11.8
2005-01-31T08:15,-10.7
2005-01-31T08:30,-9.7
2005-01-31T08:45,-9.2
2005-01-31T09:00,-8.4
2005-01-31T09:15,-6.8
2005-01-31T09:30,-5.7
2005-01-31T09:45,-4.9
2005-01-31T10:00,-4.3
2005-01-31T10:15,-4.1
2005-01-31T10:30,-3.9
2005-01-31T10:45,-3.2
2005-01-31T11:00,-2.4
2005-01-31T11:15,-2.4
2005-01-31T11:30,-2.2
2005-01-31T11:45,-1.8
2005-01-31T12:00,-1.2
2005-01-31T12:15,-0.8
2005-01-31T12:30,0
2005-01-31T12:45,0
2005-01-31T13:00,0.5
2005-01-31T13:15,0.6
2005-01-31T13:30,0.7
2005-01-31T13:45,1
2005-01-31T14:00,1.5
2005-01-31T14:15,1.3
2005-01-31T14:30,1.4
2005-01-31T14:45,1.5
2005-01-31T15:00,1
2005-01-31T15:15,1.2
2005-01-31T15:30,1
2005-01-31T15:45,1.2
2005-01-31T16:00,1.1
2005-01-31T16:15,0.6
2005-01-31T16:30,-0.3
2005-01-31T16:45,-1
2005-01-31T17:00,-1.9
2005-01-31T17:15,-2.4
2005-01-31T17:30,-2.9
2005-01-31T17:45,-3.3
2005-01-31T18:00,-3.7
2005-01-31T18:15,-4.1
2005-01-31T18:30,-4.4
2005-01-31T18:45,-5
2005-01-31T19:00,-5.3
2005-01-31T19:15,-6.1
2005-01-31T19:30,-6.4
2005-01-31T19:45,-7
2005-01-31T20:00,-7.6
2005-01-31T20:15,-8
2005-01-31T20:30,-8.1
2005-01-31T20:45,-8.2
2005-01-31T21:00,-8.1
2005-01-31T21:15,-8.2
2005-01-31T21:30,-8.8
2005-01-31T21:45,-8.9
2005-01-31T22:00,-9.4
2005-01-31T22:15,-9.5
2005-01-31T22:30,-9.7
2005-01-31T22:45,-9.6
2005-01-31T23:00,-9.8
2005-01-31T23:15,-10.2
2005-01-31T23:30,-10.2
2005-01-31T23:45,-10.4
2005-01-31T24:00,-10.3
2005-02-01T00:15,-10.1
2005-02-01T00:30,-10.1
2005-02-01T00:45,-10.4
2005-02-01T01:00,-10.2
2005-02-01T01:15,-10.1
2005-02-01T01:30,-10.2
2005-02-01T01:45,-10.4
2005-02-01T02:00,-10.4
2005-02-01T02:15,-10.3
2005-02-01T02:30,-10.3
2005-02-01T02:45,-10.5
2005-02-01T03:00,-10.5
2005-02-01T03:15,-9.9
2005-02-01T03:30,-10.2
2005-02-01T03:45,-10.7
2005-02-01T04:00,-10.5
2005-02-01T04:15,-10.8
2005-02-01T04:30,-10.8
2005-02-01T04:45,-10.3
2005-02-01T05:00,-10.3
2005-02-01T05:15,-10.7
2005-02-01T05:30,-11
2005-02-01T05:45,-11.2
2005-02-01T06:00,-11.8
2005-02-01T06:15,-11.8
2005-02-01T06:30,-11.2
2005-02-01T06:45,-11.2
2005-02-01T07:00,-11.1
2005-02-01T07:15,-10.9
2005-02-01T07:30,-10.4
2005-02-01T07:45,-10.2
2005-02-01T08:00,-9.5
2005-02-01T08:15,-7.8
2005-02-01T08:30,-5.7
2005-02-01T08:45,-4
2005-02-01T09:00,-3.5
2005-02-01T09:15,-3.2
2005-02-01T09:30,-3.1
2005-02-01T09:45,-2.5
2005-02-01T10:00,-2.7
2005-02-01T10:15,-2.4
2005-02-01T10:30,-1.5
2005-02-01T10:45,-1
2005-02-01T11:00,-0.3
2005-02-01T11:15,-0.1
2005-02-01T11:30,0.1
2005-02-01T11:45,0
2005-02-01T12:00,0.2
2005-02-01T12:15,1.7
2005-02-01T12:30,1.8
2005-02-01T12:45,1.9
2005-02-01T13:00,2.3
2005-02-01T13:15,2.6
2005-02-01T13:30,3.1
2005-02-01T13:45,3.2
2005-02-01T14:00,3
2005-02-01T14:15,3
2005-02-01T14:30,3.2
2005-02-01T14:45,3.9
2005-02-01T15:00,3.3
2005-02-01T15:15,3.4
2005-02-01T15:30,3
2005-02-01T15:45,3.5
2005-02-01T16:00,3.1
2005-02-01T16:15,2.7
2005-02-01T16:30,2
2005-02-01T16:45,0.9
2005-02-01T17:00,-1
2005-02-01T17:15,-2
2005-02-01T17:30,-2.8
2005-02-01T17:45,-3.2
2005-02-01T18:00,-3.5
2005-02-01T18:15,-4
2005-02-01T18:30,-4.4
2005-02-01T18:45,-4.5
2005-02-01T19:00,-4.5
2005-02-01T19:15,-4.4
2005-02-01T19:30,-4.5
2005-02-01T19:45,-4.8
2005-02-01T20:00,-5.4
2005-02-01T20:15,-5.4
2005-02-01T20:30,-5.2
2005-02-01T20:45,-5.7
2005-02-01T21:00,-5.7
2005-02-01T21:15,-5.9
2005-02-01T21:30,-5.4
2005-02-01T21:45,-5.7
2005-02-01T22:00,-5.6
2005-02-01T22:15,-5.9
2005-02-01T22:30,-6
2005-02-01T22:45,-6.6
2005-02-01T23:00,-6.6
2005-02-01T23:15,-6.9
2005-02-01T23:30,-6.2
2005-02-01T23:45,-5.7
2005-02-01T24:00,-5.6
2005-02-02T00:15,-5.2
2005-02-02T00:30,-6.2
2005-02-02T00:45,-6.2
2005-02-02T01:00,-5.9
2005-02-02T01:15,-6.1
2005-02-02T01:30,-6.5
2005-02-02T01:45,-6.7
2005-02-02T02:00,-6.2
2005-02-02T02:15,-6.5
2005-02-02T02:30,-6.5
2005-02-02T02:45,-7.1
2005-02-02T03:00,-7
2005-02-02T03:15,-6.5
2005-02-02T03:30,-6
2005-02-02T03:45,-5.8
2005-02-02T04:00,-5.8
2005-02-02T04:15,-6.3
2005-02-02T04:30,-7.7
2005-02-02T04:45,-7.7
2005-02-02T05:00,-7.1
2005-02-02T05:15,-7.7
2005-02-02T05:30,-8.5
2005-02-02T05:45,-8.1
2005-02-02T06:00,-8.1
2005-02-02T06:15,-7.8
2005-02-02T06:30,-8.1
2005-02-02T06:45,-8.4
2005-02-02T07:00,-8.8
2005-02-02T07:15,-8.8
2005-02-02T07:30,-8.9
2005-02-02T07:45,-8.1
2005-02-02T08:00,-6.3
2005-02-02T08:15,-5
2005-02-02T08:30,-4.2
2005-02-02T08:45,-4.1
2005-02-02T09:00,-3.8
2005-02-02T09:15,-3.5
2005-02-02T09:30,-2.9
2005-02-02T09:45,-2.6
2005-02-02T10:00,-1.8
2005-02-02T10:15,-1.2
2005-02-02T10:30,-0.5
2005-02-02T10:45,0.5
2005-02-02T11:00,0.8
2005-02-02T11:15,1
2005-02-02T11:30,1.5
2005-02-02T11:45,2
2005-02-02T12:00,2.6
2005-02-02T12:15,3
2005-02-02T12:30,3
2005-02-02T12:45,3.5
2005-02-02T13:00,3.8
2005-02-02T13:15,3.6
2005-02-02T13:30,4.1
2005-02-02T13:45,4.4
2005-02-02T14:00,5.2
2005-02-02T14:15,5
2005-02-02T14:30,4.5
2005-02-02T14:45,4.5
2005-02-02T15:00,4.5
2005-02-02T15:15,4.4
2005-02-02T15:30,4
2005-02-02T15:45,3.8
2005-02-02T16:00,3.6
2005-02-02T16:15,3
2005-02-02T16:30,2.1
2005-02-02T16:45,1.4
2005-02-02T17:00,0.3
2005-02-02T17:15,-0.8
2005-02-02T17:30,-1.2
2005-02-02T17:45,-1.8
2005-02-02T18:00,-2.1
2005-02-02T18:15,-1.8
2005-02-02T18:30,-1.9
2005-02-02T18:45,-2.3
2005-02-02T19:00,-2.2
2005-02-02T19:15,-2
2005-02-02T19:30,-2.3
2005-02-02T19:45,-2.6
2005-02-02T20:00,-3
2005-02-02T20:15,-3.6
2005-02-02T20:30,-3.9
2005-02-02T20:45,-4.6
2005-02-02T21:00,-4.7
2005-02-02T21:15,-4.9
2005-02-02T21:30,-5.5
2005-02-02T21:45,-6.1
2005-02-02T22:00,-5.8
2005-02-02T22:15,-5.6
2005-02-02T22:30,-5.3
2005-02-02T22:45,-4.8
2005-02-02T23:00,-4.9
2005-02-02T23:15,-5.4
2005-02-02T23:30,-5.6
2005-02-02T23:45,-6.3
2005-02-02T24:00,-7.1
2005-02-03T00:15,-7
2005-02-03T00:30,-6.6
2005-02-03T00:45,-5.8
2005-02-03T01:00,-5.7
2005-02-03T01:15,-6.3
2005-02-03T01:30,-7.4
2005-02-03T01:45,-8.2
2005-02-03T02:00,-8.6
2005-02-03T02:15,-8.6
2005-02-03T02:30,-8.9
2005-02-03T02:45,-8.6
2005-02-03T03:00,-8.5
2005-02-03T03:15,-8.5
2005-02-03T03:30,-8.5
2005-02-03T03:45,-8.3
2005-02-03T04:00,-8.8
2005-02-03T04:15,-8.9
2005-02-03T04:30,-7.4
2005-02-03T04:45,-6.7
2005-02-03T05:00,-6.1
2005-02-03T05:15,-6.2
2005-02-03T05:30,-8.4
2005-02-03T05:45,-9.5
2005-02-03T06:00,-9.3
2005-02-03T06:15,-7.8
2005-02-03T06:30,-6.9
2005-02-03T06:45,-6.4
2005-02-03T07:00,-7.7
2005-02-03T07:15,-9.6
2005-02-03T07:30,-7.9
2005-02-03T07:45,-5
2005-02-03T08:00,-3.9
2005-02-03T08:15,-3.6
2005-02-03T08:30,-3.5
2005-02-03T08:45,-3.6
2005-02-03T09:00,-3.4
2005-02-03T09:15,-3
2005-02-03T09:30,-1.9
2005-02-03T09:45,-1.4
2005-02-03T10:00,-1.4
2005-02-03T10:15,-1.6
2005-02-03T10:30,-1.5
2005-02-03T10:45,-0.6
2005-02-03T11:00,0
2005-02-03T11:15,0.2
2005-02-03T11:30,0.4
2005-02-03T11:45,1.1
2005-02-03T12:00,2.5
2005-02-03T12:15,2.8
2005-02-03T12:30,2.8
2005-02-03T12:45,3.2
2005-02-03T13:00,3.5
2005-02-03T13:15,3.5
2005-02-03T13:30,3.2
2005-02-03T13:45,3.7
2005-02-03T14:00,4.5
2005-02-03T14:15,4.4
2005-02-03T14:30,3.8
2005-02-03T14:45,3.7
2005-02-03T15:00,3.4
2005-02-03T15:15,3.5
2005-02-03T15:30,3.4
2005-02-03T15:45,3.1
2005-02-03T16:00,2.7
2005-02-03T16:15,2.6
2005-02-03T16:30,2.2
2005-02-03T16:45,1.9
2005-02-03T17:00,1.7
2005-02-03T17:15,1.4
2005-02-03T17:30,1.2
2005-02-03T17:45,1
2005-02-03T18:00,0.9
2005-02-03T18:15,0.8
2005-02-03T18:30,0.7
2005-02-03T18:45,0.7
2005-02-03T19:00,0.6
2005-02-03T19:15,0.5
2005-02-03T19:30,0.4
2005-02-03T19:45,0.4
2005-02-03T20:00,0.4
2005-02-03T20:15,0.3
2005-02-03T20:30,0.2
2005-02-03T20:45,0.1
2005-02-03T21:00,-0.2
2005-02-03T21:15,-0.7
2005-02-03T21:30,-1.2
2005-02-03T21:45,-1.4
2005-02-03T22:00,-1.4
2005-02-03T22:15,-1.4
2005-02-03T22:30,-1.5
2005-02-03T22:45,-1.5
2005-02-03T23:00,-1.4
2005-02-03T23:15,-1.3
2005-02-03T23:30,-1.3
2005-02-03T23:45,-1.2
2005-02-03T24:00,-1.2
2005-02-04T00:15,-1.2
2005-02-04T00:30,-1.1
2005-02-04T00:45,-1.1
2005-02-04T01:00,-1.1
2005-02-04T01:15,-1.2
2005-02-04T01:30,-1.2
2005-02-04T01:45,-1.3
2005-02-04T02:00,-1.4
2005-02-04T02:15,-1.4
2005-02-04T02:30,-1.3
2005-02-04T02:45,-1.4
2005-02-04T03:00,-1.5
2005-02-04T03:15,-1.5
2005-02-04T03:30,-1.4
2005-02-04T03:45,-1.4
2005-02-04T04:00,-1.5
2005-02-04T04:15,-1.5
2005-02-04T04:30,-1.5
2005-02-04T04:45,-1.5
2005-02-04T05:00,-1.5
2005-02-04T05:15,-1.5
2005-02-04T05:30,-1.5
2005-02-04T05:45,-1.5
2005-02-04T06:00,-1.5
2005-02-04T06:15,-1.5
2005-02-04T06:30,-1.5
2005-02-04T06:45,-1.4
2005-02-04T07:00,-1.4
2005-02-04T07:15,-1.4
2005-02-04T07:30,-1.4
2005-02-04T07:45,-1.4
2005-02-04T08:00,-1.2
2005-02-04T08:15,-1.1
2005-02-04T08:30,-1
2005-02-04T08:45,-0.8
2005-02-04T09:00,-0.7
2005-02-04T09:15,-0.7
2005-02-04T09:30,-0.5
2005-02-04T09:45,-0.4
2005-02-04T10:00,-0.1
2005-02-04T10:15,0.1
2005-02-04T10:30,0.2
2005-02-04T10:45,0.2
2005-02-04T11:00,0.4
2005-02-04T11:15,0.7
2005-02-04T11:30,0.7
2005-02-04T11:45,0.8
2005-02-04T12:00,0.9
2005-02-04T12:15,0.9
2005-02-04T12:30,0.8
2005-02-04T12:45,1.2
2005-02-04T13:00,1.5
2005-02-04T13:15,2.5
2005-02-04T13:30,3.4
2005-02-04T13:45,3.5
2005-02-04T14:00,4.2
2005-02-04T14:15,4.9
2005-02-04T14:30,5.2
2005-02-04T14:45,5.4
2005-02-04T15:00,5.7
2005-02-04T15:15,5.9
2005-02-04T15:30,6.1
2005-02-04T15:45,6.1
2005-02-04T16:00,6.1
2005-02-04T16:15,5.5
2005-02-04T16:30,4.9
2005-02-04T16:45,4.6
2005-02-04T17:00,3.7
2005-02-04T17:15,2.6
2005-02-04T17:30,1.7
2005-02-04T17:45,1
2005-02-04T18:00,0.7
2005-02-04T18:15,0.5
2005-02-04T18:30,0.4
2005-02-04T18:45,0.2
2005-02-04T19:00,0.1
2005-02-04T19:15,0.1
2005-02-04T19:30,0.1
2005-02-04T19:45,0.5
2005-02-04T20:00,1.2
2005-02-04T20:15,0.9
2005-02-04T20:30,0.5
2005-02-04T20:45,1.1
2005-02-04T21:00,2.1
2005-02-04T21:15,2.5
2005-02-04T21:30,2.4
2005-02-04T21:45,2.3
2005-02-04T22:00,1.9
2005-02-04T22:15,1.2
2005-02-04T22:30,1.4
2005-02-04T22:45,1.7
2005-02-04T23:00,1.8
2005-02-04T23:15,1.4
2005-02-04T23:30,0.8
2005-02-04T23:45,0.2
2005-02-04T24:00,-0.1
2005-02-05T00:15,0.4
2005-02-05T00:30,0.8
2005-02-05T00:45,0.5
2005-02-05T01:00,-0.1
2005-02-05T01:15,-0.7
2005-02-05T01:30,-1.5
2005-02-05T01:45,-1.6
2005-02-05T02:00,-1.6
2005-02-05T02:15,-1.4
2005-02-05T02:30,-2.2
2005-02-05T02:45,-2.2
2005-02-05T03:00,-2
2005-02-05T03:15,-1.1
2005-02-05T03:30,-0.7
2005-02-05T03:45,-0.5
2005-02-05T04:00,-0.4
2005-02-05T04:15,-0.1
2005-02-05T04:30,0.1
2005-02-05T04:45,0.1
2005-02-05T05:00,0
2005-02-05T05:15,-0.1
2005-02-05T05:30,-0.3
2005-02-05T05:45,-0.5
2005-02-05T06:00,-0.5
2005-02-05T06:15,-0.5
2005-02-05T06:30,-0.6
2005-02-05T06:45,-0.7
2005-02-05T07:00,-1
2005-02-05T07:15,-1.2
2005-02-05T07:30,-0.8
2005-02-05T07:45,-0.5
2005-02-05T08:00,0
2005-02-05T08:15,0.5
2005-02-05T08:30,1
2005-02-05T08:45,1.4
2005-02-05T09:00,1.7
2005-02-05T09:15,2.7
2005-02-05T09:30,3
2005-02-05T09:45,3.8
2005-02-05T10:00,4
2005-02-05T10:15,4.9
2005-02-05T10:30,6.1
2005-02-05T10:45,6.5
2005-02-05T11:00,6.7
2005-02-05T11:15,7
2005-02-05T11:30,7.5
2005-02-05T11:45,7.8
2005-02-05T12:00,8.1
2005-02-05T12:15,8.7
2005-02-05T12:30,8.9
2005-02-05T12:45,9.2
2005-02-05T13:00,9.5
2005-02-05T13:15,10.4
2005-02-05T13:30,10.2
2005-02-05T13:45,10.5
2005-02-05T14:00,11
2005-02-05T14:15,10.8
2005-02-05T14:30,10.7
2005-02-05T14:45,11
2005-02-05T15:00,10.7
2005-02-05T15:15,10.7
2005-02-05T15:30,10.6
2005-02-05T15:45,10.5
2005-02-05T16:00,9.9
2005-02-05T16:15,9.3
2005-02-05T16:30,9
2005-02-05T16:45,8.6
2005-02-05T17:00,7.6
2005-02-05T17:15,6.8
2005-02-05T17:30,5.7
2005-02-05T17:45,4.4
2005-02-05T18:00,4.3
2005-02-05T18:15,4.9
2005-02-05T18:30,5.1
2005-02-05T18:45,4.7
2005-02-05T19:00,4.8
2005-02-05T19:15,5.4
2005-02-05T19:30,5
2005-02-05T19:45,3.9
2005-02-05T20:00,3
2005-02-05T20:15,2.6
2005-02-05T20:30,2.7
2005-02-05T20:45,1.8
2005-02-05T21:00,1.4
2005-02-05T21:15,1.2
2005-02-05T21:30,1
2005-02-05T21:45,1.2
2005-02-05T22:00,0.6
2005-02-05T22:15,0.2
2005-02-05T22:30,0.1
2005-02-05T22:45,0.1
2005-02-05T23:00,0.1
2005-02-05T23:15,-0.1
2005-02-05T23:30,-0.2
2005-02-05T23:45,-0.4
2005-02-05T24:00,0
2005-02-06T00:15,-0.3
2005-02-06T00:30,-0.5
2005-02-06T00:45,-0.7
2005-02-06T01:00,-0.2
2005-02-06T01:15,0.3
2005-02-06T01:30,0.5
2005-02-06T01:45,-0.2
2005-02-06T02:00,-0.6
2005-02-06T02:15,-0.6
2005-02-06T02:30,-0.5
2005-02-06T02:45,0.5
2005-02-06T03:00,1.1
2005-02-06T03:15,1.3
2005-02-06T03:30,1.3
2005-02-06T03:45,1.1
2005-02-06T04:00,1
2005-02-06T04:15,1
2005-02-06T04:30,0.9
2005-02-06T04:45,0.8
2005-02-06T05:00,0.8
2005-02-06T05:15,0.6
2005-02-06T05:30,0.6
2005-02-06T05:45,0.6
2005-02-06T06:00,0.6
2005-02-06T06:15,0.5
2005-02-06T06:30,0.2
2005-02-06T06:45,0
2005-02-06T07:00,-0.4
2005-02-06T07:15,-0.4
2005-02-06T07:30,-0.2
2005-02-06T07:45,-0.2
2005-02-06T08:00,0.1
2005-02-06T08:15,1
2005-02-06T08:30,1.6
2005-02-06T08:45,2
2005-02-06T09:00,2.6
2005-02-06T09:15,3
2005-02-06T09:30,4
2005-02-06T09:45,4.2
2005-02-06T10:00,4.2
2005-02-06T10:15,4.5
2005-02-06T10:30,5
2005-02-06T10:45,5.5
2005-02-06T11:00,6
2005-02-06T11:15,6.4
2005-02-06T11:30,7.2
2005-02-06T11:45,7.3
2005-02-06T12:00,7.4
2005-02-06T12:15,7.8
2005-02-06T12:30,8.1
2005-02-06T12:45,8.1
2005-02-06T13:00,8.5
2005-02-06T13:15,8.7
2005-02-06T13:30,8.8
2005-02-06T13:45,8.5
2005-02-06T14:00,9.1
2005-02-06T14:15,9.2
2005-02-06T14:30,9.2
2005-02-06T14:45,9.7
2005-02-06T15:00,9.6
2005-02-06T15:15,9.4
2005-02-06T15:30,9.3
2005-02-06T15:45,9.1
2005-02-06T16:00,8.8
2005-02-06T16:15,8.3
2005-02-06T16:30,7.9
2005-02-06T16:45,7.3
2005-02-06T17:00,6.3
2005-02-06T17:15,5
2005-02-06T17:30,3.8
2005-02-06T17:45,2.9
2005-02-06T18:00,2
2005-02-06T18:15,1
2005-02-06T18:30,1.3
2005-02-06T18:45,2.3
2005-02-06T19:00,3.2
2005-02-06T19:15,2.6
2005-02-06T19:30,2.2
2005-02-06T19:45,1.9
2005-02-06T20:00,1.5
2005-02-06T20:15,1.1
2005-02-06T20:30,0.8
2005-02-06T20:45,0.3
2005-02-06T21:00,0.5
2005-02-06T21:15,0.4
2005-02-06T21:30,0.3
2005-02-06T21:45,0.1
2005-02-06T22:00,0
2005-02-06T22:15,-0.1
2005-02-06T22:30,-0.2
2005-02-06T22:45,-0.3
2005-02-06T23:00,-0.3
2005-02-06T23:15,-0.2
2005-02-06T23:30,-0.2
2005-02-06T23:45,0
2005-02-06T24:00,-0.6
2005-02-07T00:15,-1.3
2005-02-07T00:30,-1.8
2005-02-07T00:45,-1.6
2005-02-07T01:00,-0.8
2005-02-07T01:15,0
2005-02-07T01:30,-1.6
2005-02-07T01:45,-2.1
2005-02-07T02:00,-2.1
2005-02-07T02:15,-2.1
2005-02-07T02:30,-1.5
2005-02-07T02:45,-1.3
2005-02-07T03:00,-1.3
2005-02-07T03:15,-1.5
2005-02-07T03:30,-1.6
2005-02-07T03:45,-1.5
2005-02-07T04:00,-1.7
2005-02-07T04:15,-2
2005-02-07T04:30,-2.4
2005-02-07T04:45,-2.7
2005-02-07T05:00,-2.5
2005-02-07T05:15,-2.4
2005-02-07T05:30,-2.8
2005-02-07T05:45,-2.5
2005-02-07T06:00,-1.9
2005-02-07T06:15,-1
2005-02-07T06:30,-1.5
2005-02-07T06:45,-2.4
2005-02-07T07:00,-2.6
2005-02-07T07:15,-2.7
2005-02-07T07:30,-3.1
2005-02-07T07:45,-2.8
2005-02-07T08:00,-2.6
2005-02-07T08:15,-1.5
2005-02-07T08:30,-0.6
2005-02-07T08:45,1
2005-02-07T09:00,2.4
2005-02-07T09:15,3.6
2005-02-07T09:30,5.6
2005-02-07T09:45,8.1
2005-02-07T10:00,9
2005-02-07T10:15,8.1
2005-02-07T10:30,8
2005-02-07T10:45,8
2005-02-07T11:00,8.6
2005-02-07T11:15,8.5
2005-02-07T11:30,9.3
2005-02-07T11:45,9.4
2005-02-07T12:00,10.1
2005-02-07T12:15,10.4
2005-02-07T12:30,10.6
2005-02-07T12:45,10.9
2005-02-07T13:00,11.3
2005-02-07T13:15,11.4
2005-02-07T13:30,11.3
2005-02-07T13:45,12
2005-02-07T14:00,11.5
2005-02-07T14:15,11.6
2005-02-07T14:30,11.2
2005-02-07T14:45,11.1
2005-02-07T15:00,11.1
2005-02-07T15:15,11.1
2005-02-07T15:30,10.9
2005-02-07T15:45,10.3
2005-02-07T16:00,9.9
2005-02-07T16:15,9.3
2005-02-07T16:30,8.6
2005-02-07T16:45,7.9
2005-02-07T17:00,7.2
2005-02-07T17:15,6.4
2005-02-07T17:30,5.7
2005-02-07T17:45,6
2005-02-07T18:00,6
2005-02-07T18:15,5.8
2005-02-07T18:30,5.6
2005-02-07T18:45,5.5
2005-02-07T19:00,5.8
2005-02-07T19:15,5.9
2005-02-07T19:30,6.1
2005-02-07T19:45,5.8
2005-02-07T20:00,5.5
2005-02-07T20:15,5.3
2005-02-07T20:30,5.2
2005-02-07T20:45,5.1
2005-02-07T21:00,4.4
2005-02-07T21:15,4.3
2005-02-07T21:30,4.1
2005-02-07T21:45,4.4
2005-02-07T22:00,4.4
2005-02-07T22:15,4.3
2005-02-07T22:30,4
2005-02-07T22:45,4
2005-02-07T23:00,3.6
2005-02-07T23:15,3.4
2005-02-07T23:30,3.4
2005-02-07T23:45,3.2
2005-02-07T24:00,3
2005-02-08T00:15,2.7
2005-02-08T00:30,2.6
2005-02-08T00:45,2.4
2005-02-08T01:00,2.2
2005-02-08T01:15,2.4
2005-02-08T01:30,2.4
2005-02-08T01:45,2.3
2005-02-08T02:00,2.3
2005-02-08T02:15,2.3
2005-02-08T02:30,2.2
2005-02-08T02:45,2.1
2005-02-08T03:00,1.9
2005-02-08T03:15,1.7
2005-02-08T03:30,1.6
2005-02-08T03:45,1.3
2005-02-08T04:00,1.3
2005-02-08T04:15,1.4
2005-02-08T04:30,1.3
2005-02-08T04:45,1.9
2005-02-08T05:00,2.2
2005-02-08T05:15,2.4
2005-02-08T05:30,2.4
2005-02-08T05:45,2.5
2005-02-08T06:00,2.3
2005-02-08T06:15,2.1
2005-02-08T06:30,2.2
2005-02-08T06:45,2.1
2005-02-08T07:00,2.2
2005-02-08T07:15,2.4
2005-02-08T07:30,2.4
2005-02-08T07:45,2.4
2005-02-08T08:00,2.3
2005-02-08T08:15,2.5
2005-02-08T08:30,2.3
2005-02-08T08:45,2.7
2005-02-08T09:00,2.9
2005-02-08T09:15,3.1
2005-02-08T09:30,3.6
2005-02-08T09:45,4.1
2005-02-08T10:00,4.5
2005-02-08T10:15,5.1
2005-02-08T10:30,5.1
2005-02-08T10:45,4.4
2005-02-08T11:00,4.7
2005-02-08T11:15,5.3
2005-02-08T11:30,5.5
2005-02-08T11:45,6.1
2005-02-08T12:00,6.7
2005-02-08T12:15,6.4
2005-02-08T12:30,6
2005-02-08T12:45,6.5
2005-02-08T13:00,6.4
2005-02-08T13:15,6.8
2005-02-08T13:30,6.9
2005-02-08T13:45,7
2005-02-08T14:00,7.1
2005-02-08T14:15,7.2
2005-02-08T14:30,7.4
2005-02-08T14:45,7.5
2005-02-08T15:00,7.4
2005-02-08T15:15,7.3
